,대여소_구,대여소ID,대여소명,대여소주소,거치대수
0,마포구,101,(구)합정동 주민센터,서울특별시 마포구 합정동 459-5,5
1,마포구,102,망원역 1번출구 앞,서울특별시 마포구 서교동 475-36,20
2,마포구,103,망원역 2번출구 앞,서울특별시 마포구 망원동 377-3 유용빌딩,14
3,마포구,104,합정역 1번출구 앞,서울특별시 마포구 서교동 393-5,13
4,마포구,105,합정역 5번출구 앞,서울특별시 마포구 합정동 414-12 강서정형외과,5
5,마포구,106,합정역 7번출구 앞,서울특별시 마포구 합정동 373-16,10
6,마포구,107,신한은행 서교동금융센터점 앞,서울특별시 마포구 서교동 449-14,5
7,마포구,108,서교동 사거리,서울특별시 마포구 서교동 378-5 (주)우리은행 서교동지점,10
8,마포구,109,제일빌딩 앞,서울특별시 마포구 당인동 12-1,10
9,서대문구,110,사천교,서울특별시 서대문구 연희동 446-92 바르게살기운동서울시협의회,20
10,마포구,111,상수역 2번출구 앞,서울특별시 마포구 상수동 309-9 창영빌딩,10
11,마포구,112,극동방송국 앞,서울특별시 마포구 상수동 89-1 (재)극동방송,10
12,마포구,113,홍대입구역 2번출구 앞,서울특별시 마포구 동교동 159-1 상진빌딩,25
13,마포구,114,홍대입구역 8번출구 앞,서울특별시 마포구 동교동 166-13 삼양세븐스프링스,15
14,서대문구,115,사루비아 빌딩 앞,서울특별시 서대문구 창천동 515-1 마스타빌딩,15
15,서대문구,116,일진아이윌아파트 옆,서울특별시 서대문구 연희동 218-16 일진아이윌,5
16,서대문구,117,홍은사거리,서울특별시 서대문구 홍은동 217-27 자전거보관소,25
17,마포구,118,광흥창역 2번출구 앞,서울특별시 마포구 창전동 145-17 광흥창역,10
18,마포구,119,서강나루 공원,서울특별시 마포구 구수동 68-25,10
19,마포구,120,신수동 사거리,서울특별시 마포구 신수동 371-11,5
20,마포구,121,마포소방서 앞,서울특별시 마포구 신수동 100-5 마포소방서,15
21,마포구,122,신성기사식당 앞,서울특별시 마포구 신수동 50-1,10
22,서대문구,123,문화촌 공원,서울특별시 서대문구 홍제동 277-23,20
23,마포구,124,서강대 정문 건너편,서울특별시 마포구 신수동 81-22,20
24,마포구,125,서강대 남문 옆,서울특별시 마포구 신수동 1-1 서강대학교,15
25,마포구,126,서강대 후문 옆,서울특별시 마포구 대흥동 38-22 치매지원센터,20
26,마포구,127,현대벤처빌 앞,서울특별시 마포구 노고산동 107-36 현대벤쳐빌,15
27,서대문구,128,신촌역(2호선) 1번출구 옆,서울특별시 서대문구 창천동 30-9,20
28,마포구,129,신촌역(2호선) 6번출구 옆,서울특별시 마포구 노고산동 31-6 (주)우리은행 신촌지점,15
29,마포구,130,신촌역(2호선) 7번출구 앞,서울특별시 마포구 노고산동 57-1 그랜드플라자,10
30,서대문구,131,증산2교,서울특별시 서대문구 북가좌동 342-14,23
31,서대문구,133,해담는다리,서울특별시 서대문구 북가좌동 345-27 상원빌라,15
32,서대문구,134,연세로 명물길,서울특별시 서대문구 창천동 31-86,8
33,서대문구,135,명물길 원형무대 앞,서울특별시 서대문구 창천동 31-69 구두수선대,10
34,마포구,136,대흥동 주민센터,서울특별시 마포구 노고산동 1-50 우리마포복지관(대흥동주민센터),7
35,서대문구,137,NH농협 신촌지점 앞,서울특별시 서대문구 대현동 104-39,10
36,서대문구,138,신촌동 제1공영주차장 앞,서울특별시 서대문구 북가좌동 342-14,10
37,서대문구,139,연세대 정문 건너편,서울특별시 서대문구 창천동 80-16,13
38,서대문구,140,이화여대 후문,서울특별시 서대문구 신촌동 134 신촌세브란스병원,20
39,서대문구,141,연대 대운동장 옆,서울특별시 서대문구 신촌동 134 연세대학교,20
40,마포구,142,아현역 4번출구 앞,서울특별시 마포구 아현동 329-15,11
41,마포구,143,공덕역 2번출구,서울특별시 마포구 공덕동 257-88,9
42,마포구,144,공덕역 8번출구,서울특별시 마포구 공덕동 438-5,10
43,마포구,145,공덕역 5번출구,서울특별시 마포구 공덕동 237-9,9
44,마포구,146,마포역 1번출구 뒤,서울특별시 마포구 도화동 555-2,12
45,마포구,147,마포역 4번출구 뒤,서울특별시 마포구 도화동 292-29,7
46,마포구,148,용강동 주민센터 앞,서울특별시 마포구 용강동 234-1,11
47,마포구,150,서강대역 2번출구 앞,서울특별시 마포구 노고산동 112-13,15
48,마포구,151,망원1동주민센터,서울특별시 마포구 망원동 403-2 망원1동주민센터,10
49,마포구,152,마포구민체육센터 앞,서울특별시 마포구 망원동 452-4,30
50,마포구,153,성산2교 사거리,서울특별시 마포구 성산동 54-17,10
51,마포구,154,마포구청역,서울특별시 마포구 망원동 477-23,13
52,마포구,155,가좌역1 번출구 뒤,서울특별시 마포구 성산동123-29,15
53,마포구,156,서울서부지방법원 앞,서울특별시 마포구 공덕동 105-11,10
54,마포구,157,애오개역 4번출구 앞,서울특별시 마포구 아현동 607-1 구두수선대28,12
55,서대문구,158,독립문 어린이 공원,서울특별시 서대문구 영천동 259-1,15
56,서대문구,159,이대역 4번 출구,서울특별시 서대문구 대현동 60-11 가로판매대,7
57,서대문구,160,북아현동 가구거리,서울특별시 서대문구 북아현동 251-78,20
58,서대문구,161,무악재역1번 출구,서울특별시 서대문구 홍제동 25-1,8
59,서대문구,162,봉원고가차도 밑,서울특별시 서대문구 대신동 143-1,15
60,서대문구,163,명지전문대학교 정문 앞,서울특별시 서대문구 홍은동 산25-3,7
61,서대문구,164,북가좌1동 주민센터,서울특별시 서대문구 북가좌동 477-1,10
62,서대문구,165,중앙근린공원,서울특별시 서대문구 북가좌동 470-1,20
63,서대문구,166,가재울 초등학교,서울특별시 서대문구 연희동 530-2 가재울공중화장실,20
64,서대문구,167,연가초등학교 옆,서울특별시 서대문구 북가좌동 70-119,15
65,서대문구,168,남가좌동 사거리,서울특별시 서대문구 남가좌동 185-21,20
66,서대문구,169,북가좌 삼거리,서울특별시 서대문구 북가좌동 400,15
67,서대문구,170,가재울 뉴타운 주유소 옆,서울특별시 서대문구 남가좌동 5-124 유 하우스,10
68,서대문구,171,임광빌딩 앞,서울특별시 서대문구 미근동 317-1,10
69,서대문구,173,서대문역 8번출구 앞,서울특별시 서대문구 충정로2가 138,8
70,서대문구,175,홍연2교옆,서울특별시 서대문구 홍은동 387-16,20
71,서대문구,176,명지대학교 도서관,서울특별시 서대문구 남가좌동 50-3 명지대학교,10
72,서대문구,177,북가좌 초등학교,서울특별시 서대문구 북가좌동 186-108 서울북가좌초등학교,8
73,서대문구,178,증산3교 앞,서울특별시 서대문구 북가좌동 352-9,10
74,서대문구,179,가좌역 4번출구 앞,서울특별시 서대문구 남가좌동 293-3 ,15
75,서대문구,180,충정로역 7번출구 뒤,서울특별시 서대문구 충정로3가 56-1,10
76,마포구,181,망원초록길 입구,서울특별시 마포구 망원동 205-4 한강공원망원지구사무소,15
77,마포구,182,망원2빗물펌프장 앞,서울특별시 마포구 망원동 57-11,10
78,마포구,183,하늘채코오롱아파트 건너편,서울특별시 마포구 연남동 573 코오롱하늘채아파트,15
79,마포구,184,SK망원동주유소 건너편,서울특별시 마포구 망원동 481-3 (주)안국에너지 망원동주유소,9
80,마포구,185,마포 신수공원 앞,서울특별시 마포구 현석동 106-32,15
81,마포구,186,월드컵공원,서울특별시 마포구 상암동 481-6,40
82,서대문구,188,홍은동 정원여중 입구,서울특별시 서대문구 홍은동 산11-141 정원여자중학교,10
83,서대문구,191,서우빌딩(바른학원),서울특별시 서대문구 북가좌동 306-21,10
84,서대문구,192,연서어린이공원,서울특별시 서대문구 연희동 519-7,10
85,서대문구,194,증산교 앞,서울특별시 서대문구 북가좌동 350-1 정우타운,10
86,서대문구,195,모래내고가차도,서울특별시 서대문구 연희동 446-4 삼미상사(주)서부주유소,10
87,서대문구,196,연희교차로 인근,서울특별시 서대문구 연희동 533-159,10
88,서대문구,198,충정2교,서울특별시 서대문구 충정로3가 155-4 충정로지구대,15
89,마포구,199,서울 월드컵 경기장,서울특별시 마포구 성산동 515 월드컵주경기장,30
90,영등포구,200,국회의원회관,서울특별시 영등포구 여의도동 1 국회,20
91,영등포구,201,진미파라곤 앞,서울특별시 영등포구 여의도동 13-1 기독교한국침례회총회빌딩,15
92,영등포구,202,국민일보 앞,서울특별시 영등포구 여의도동 12 C.C.M.M빌딩,30
93,영등포구,203,국회의사당역 3번출구 옆,서울특별시 영등포구 여의도동 1-6 국회의사당역,15
94,영등포구,204,국회의사당역 5번출구 옆,서울특별시 영등포구 여의도동 17-3 삼환까뮤빌딩,13
95,영등포구,205,산업은행 앞,서울특별시 영등포구 여의도동 26-4 교보증권빌딩,20
96,영등포구,206,KBS 앞,서울특별시 영등포구 여의도동 18 한국방송공사,35
97,영등포구,207,여의나루역 1번출구 앞,서울특별시 영등포구 여의도동 84-4 여의나루역,40
98,영등포구,209,유진투자증권빌딩 앞,서울특별시 영등포구 여의도동 24-3 유진빌딩,12
99,영등포구,210,IFC몰,서울특별시 영등포구 여의도동 23 서울 국제금융 센터,21
100,영등포구,211,여의도역 4번출구 옆,서울특별시 영등포구 여의도동 14-26 민주당사,13
101,영등포구,212,여의도역 1번출구 옆,서울특별시 영등포구 여의도동 27-1 한국투자증권빌딩,35
102,영등포구,213,KT앞,서울특별시 영등포구 여의도동 27 금융감독원,15
103,영등포구,214,금융감독원 앞,서울특별시 영등포구 여의도동 27 금융감독원,20
104,영등포구,215,여의도고교 앞,서울특별시 영등포구 여의도동 30-1 여의도고등학교,10
105,영등포구,216,삼부아파트1동 앞,서울특별시 영등포구 여의도동 30-2 삼부아파트,10
106,영등포구,217,NH농협은행 앞,서울특별시 영등포구 여의도동 34-7 농협재단빌딩,10
107,영등포구,218,증권거래소 앞,서울특별시 영등포구 여의도동 33 한국거래소,20
108,영등포구,219,롯데캐슬엠파이어 옆,서울특별시 영등포구 여의도동 36 롯데캐슬엠파이어,12
109,영등포구,220,미성아파트 A동 앞,서울특별시 영등포구 여의도동 37 미성아파트,30
110,영등포구,221,여의도초교 앞,서울특별시 영등포구 여의도동 40-3 여의도초등학교,10
111,영등포구,222,시범아파트버스정류장 옆,서울특별시 영등포구 여의도동 50 여의도시범아파트,12
112,영등포구,223,진주아파트상가 앞,서울특별시 영등포구 여의도동 54 진주아파트,20
113,영등포구,224,롯데캐슬 앞,서울특별시 영등포구 여의도동 43-4 롯데캐슬 아이비,20
114,영등포구,225,앙카라공원 앞,서울특별시 영등포구 여의도동 5-6 샛강역,26
115,영등포구,226,샛강역 1번출구 앞,서울특별시 영등포구 여의도동 5-6 샛강역,20
116,영등포구,227,양평2나들목 보행통로 입구,서울특별시 영등포구 양화동 17-4,10
117,영등포구,228,선유도역 3번출구 앞,서울특별시 영등포구 양평동4가 202-1,10
118,영등포구,229,양평1 보행육교 앞,서울특별시 영등포구 양평동4가 20-4,20
119,영등포구,230,영등포구청역 1번출구,서울특별시 영등포구 당산동3가 375,10
120,영등포구,231,남부고용노동지청 남측,서울특별시 영등포구 양평동1가 115-2,10
121,영등포구,232,양평우림 이비즈센타 앞,서울특별시 영등포구 양평동3가 14-1,20
122,영등포구,233,YP 센터 앞,서울특별시 영등포구 양평동3가 60-1,10
123,영등포구,234,영등포구민체육센터 앞,서울특별시 영등포구 신길동 188-399,10
124,영등포구,235,신길동 우리은행 옆,서울특별시 영등포구 신길동 250-4 ,10
125,영등포구,236,문래동자이아파트 앞,서울특별시 영등포구 문래동3가 68-1 가로판매대69,10
126,영등포구,237,보라매 두산위브 건너편,서울특별시 영등포구 신길동 4490 구두수선대74,20
127,영등포구,238,제2구민체육센타 앞,서울특별시 영등포구 당산동4가 96-2,10
128,영등포구,239,유스호스텔 앞,서울특별시 영등포구 영등포동7가 58-2,20
129,영등포구,240,문래역 4번출구 앞,서울특별시 영등포구 문래동3가 55-12 ,10
130,영등포구,241,신길우성1차아파트 앞 공원,서울특별시 영등포구 도림동 255-2 ,10
131,영등포구,242,신길선원가와인아파트 앞,서울특별시 영등포구 신길동 215-28 ,15
132,영등포구,243,이앤씨드림타워 앞,서울특별시 영등포구 양평동3가 48-1,15
133,영등포구,244,영등포삼환아파트 앞,서울특별시 영등포구 영등포동8가 82-4 ,20
134,영등포구,245,삼성생명 당산사옥 앞,서울특별시 영등포구 당산동4가 35-24 ,10
135,영등포구,247,당산역 10번출구 앞,서울특별시 영등포구 당산동5가 14-4 구두수선대51,15
136,영등포구,248,초원아파트 앞,서울특별시 영등포구 여의도동 8-13 가로판매대31,10
137,영등포구,249,여의도중학교 옆,서울특별시 영등포구 여의도동 8 한강사업본부 여의도안내센터,8
138,영등포구,250,대림아파트 사거리,서울특별시 영등포구 신길동 95-249 라온주택,10
139,영등포구,251,서울지방병무청 버스정류장,서울특별시 영등포구 신길동853,10
140,영등포구,252,보라매역4번출구,서울특별시 영등포구 신길동4884,10
141,영등포구,253,신풍역 5번출구 인근,서울특별시 영등포구 신길동 3596 구두수선대73,10
142,영등포구,254,도림신협 앞,서울특별시 영등포구 신길동263-76,10
143,영등포구,255,도림4거리,서울특별시 영등포구 신길동 373-1 구두수선대68,10
144,영등포구,256,동아에코빌입구,서울특별시 영등포구 도림동 159-70,10
145,영등포구,257,신길삼거리(우리은행),서울특별시 영등포구 신길동95-256,10
146,영등포구,258,신길역3번출구,서울특별시 영등포구 영등포동1가 35 신길역,14
147,영등포구,259,대방역6번출구,서울특별시 영등포구 신길동 1368-3 대방역,17
148,영등포구,260,여의도 마리나선착장 앞,서울특별시 영등포구 여의도동 81-8,15
149,영등포구,262,영문초등학교 사거리,서울특별시 영등포구 문래동6가 13 영문초등학교,12
150,영등포구,263,근로자회관 사거리,서울특별시 영등포구 문래동4가 9-1,12
151,영등포구,264,교보생명보험 앞,서울특별시 영등포구 당산동2가 25 교보생명빌딩,15
152,영등포구,265,영등포유통상가 사거리,서울특별시 영등포구 당산동2가 4-3,15
153,영등포구,266,영등포청과시장 사거리,서울특별시 영등포구 영등포동6가 95-20,10
154,영등포구,267,삼성화재 사옥 옆,서울특별시 영등포구 양평동4가 156-1 삼성화재영등포사옥,10
155,영등포구,268,그랜드컨벤션센터 앞,서울특별시 영등포구 당산동6가 337-23 당산동 그랜드 컨벤션 센타,6
156,영등포구,270,증권거래소후문교차로,서울특별시 영등포구 여의도동 33 한국거래소,10
157,영등포구,271,샛강생태공원방문자센터 앞,서울특별시 영등포구 여의도동 4-9 여의도샛강생태공원 방문자센터,10
158,영등포구,272,당산육갑문,서울특별시 영등포구 당산동6가 91-43 당산역자전거대여소,20
159,영등포구,274,영등포역지하쇼핑센타 5번출구,서울특별시 영등포구 영등포동 618-496 영등포 민자역사,10
160,영등포구,275,신동아아파트,서울특별시 영등포구 양평동1가 20 신동아아파트,10
161,영등포구,276,SK 영등포주유소,서울특별시 영등포구 영등포동1가 92-4 여의도투웨니퍼스트,10
162,영등포구,277,영등포뉴타운지하상가 2번게이트,서울특별시 영등포구 영등포동3가 8 남서울빌딩,10
163,영등포구,278,쌍용플레티넘오피스텔,서울특별시 영등포구 도림동 265-6 도림동 하나클리닉센타,10
164,영등포구,279,영등포 푸르지오 아파트,서울특별시 영등포구 영등포동 647 영등포푸르지오,15
165,영등포구,280,양평동6차현대아파트 앞,서울특별시 영등포구 양평동 3가 80-9,10
166,영등포구,281,신동아아파트 앞,서울특별시 영등포구 대림동 778-46,8
167,영등포구,282,신한은행,서울특별시 영등포구 대림동 993-74,10
168,영등포구,283,아크로타워 스퀘어(영등포시장),서울특별시 영등포구 영등포동7가 3-2,15
169,영등포구,284,센트럴 푸르지오 시티 앞,서울특별시 영등포구 영등포동4가 443 영등포 센트럴 푸르지오 시티,12
170,영등포구,285,대림3동사거리(하나은행),서울특별시 영등포구 대림동 779-10,8
171,영등포구,286,우성아파트 교차로,서울특별시 영등포구 대림동 709-4 이충호산부인과,8
172,영등포구,287,영등포전화국사거리(서강어린이공원),서울특별시 영등포구 영등포동7가 3-2,10
173,영등포구,288,쌍용예가(구청별관),서울특별시 영등포구 영등포동4가 443 영등포 센트럴 푸르지오 시티,10
174,영등포구,289,대림3동사거리,서울특별시 영등포구 대림동 779-10,10
175,영등포구,290,당산동 SK V1 빌딩,서울특별시 영등포구 대림동 709-4 이충호산부인과,12
176,영등포구,291,문래동 하이테크 시티,서울특별시 영등포구 문래동3가 55-21,14
177,영등포구,292,영일 어린이공원,서울특별시 영등포구 영등포동 647-3,10
178,영등포구,293,충북 미래관,서울특별시 영등포구 당산동 121-258,15
179,중구,300,정동사거리,서울특별시 중구 정동 23-8 갑도빌딩,7
180,종로구,301,경복궁역 7번출구 앞,서울특별시 종로구 적선동 81-1 3호선 경복궁역,16
181,종로구,302,경복궁역 4번출구 뒤,서울특별시 종로구 적선동 81-1 3호선 경복궁역,12
182,종로구,303,광화문역 1번출구 앞,서울특별시 종로구 세종로 80-1 세종로지하주차장,8
183,종로구,304,광화문역 2번출구 앞,서울특별시 종로구 세종로 1-68 5호선 광화문역,7
184,종로구,305,종로구청 옆,서울특별시 종로구 수송동 146-2 종로구청,16
185,종로구,306,광화문역 7번출구 앞,서울특별시 종로구 세종로 1-68 5호선 광화문역,19
186,종로구,307,서울역사박물관 앞,서울특별시 종로구 신문로2가 2-1 서울역사박물관,11
187,종로구,308,광화문 S타워 앞,서울특별시 종로구 신문로1가 116 에스타워,20
188,종로구,309,광화문역 6번출구 옆,서울특별시 종로구 세종로 1-68 5호선 광화문역,13
189,중구,310,청계광장 옆,서울특별시 중구 태평로1가 84 파이낸스빌딩,13
190,중구,311,서울광장 옆,서울특별시 중구 정동 5-5 시청역 1호선,35
191,중구,312,시청역 1번출구 뒤,서울특별시 중구 정동 5-5 시청역 1호선,7
192,중구,313,서울역 광장 파출소 옆,서울특별시 중구 봉래동2가 122-17,5
193,종로구,314,국립현대미술관,서울특별시 종로구 소격동 165,10
194,종로구,315,신한은행 안국역지점 옆,서울특별시 종로구 안국동 175-87 안국빌딩,9
195,종로구,316,종각역 1번출구 앞,서울특별시 종로구 공평동 100 한국스탠다드차타드은행 빌딩,12
196,중구,318,광교사거리 남측,서울특별시 중구 다동 33 예금보험공사,10
197,중구,320,을지로입구역 4번출구 앞,서울특별시 중구 을지로2가 9-10 하나은행별관빌딩,20
198,중구,321,KEB 하나은행 본점 앞,서울특별시 중구 을지로2가 181 하나금융그룹 명동사옥,15
199,중구,322,명동성당 앞,서울특별시 중구 명동2가 1-1 명동성당,15
200,중구,324,신세계백화점 본점 앞,서울특별시 중구 충무로1가 54 신세계백화점,10
201,종로구,326,안국역 5번출구 앞,서울특별시 종로구 안국동 73-1 3호선 안국역,19
202,종로구,327,낙원상가 옆,서울특별시 종로구 낙원동 288 낙원상가,10
203,종로구,328,탑골공원 앞,서울특별시 종로구 종로2가 38-1 탑골공원,11
204,종로구,329,청계2가 사거리 옆,서울특별시 종로구 관철동 5-13 파고다타워,8
205,중구,330,청계천 한빛광장,서울특별시 중구 삼각동 30-1,10
206,중구,331,을지로2가 사거리 북측,서울특별시 중구 을지로2가 50 기업은행,10
207,중구,332,을지로2가 사거리 남측,서울특별시 중구 을지로2가 149-10 구두수선대258,5
208,종로구,334,종로3가역 2번출구 뒤,서울특별시 종로구 종로3가 10-5 1호선 종로3가역,10
209,종로구,335,종로3가역 15번출구 앞,서울특별시 종로구 종로3가 10-5 1호선 종로3가역,10
210,중구,336,티마크 호텔 앞,서울특별시 중구 충무로3가 43 Tmark Hotel Myeongdong(티마크호텔 명동),10
211,종로구,337,창경궁 입구,서울특별시 종로구 와룡동 2-1 창경궁,5
212,종로구,338,세운스퀘어 앞,서울특별시 종로구 인의동 112-2 세운스퀘어,18
213,종로구,339,종로4가 사거리,서울특별시 종로구 종로4가 14-1,10
214,종로구,340,혜화동 로터리,서울특별시 종로구 혜화동 114-2,8
215,종로구,341,혜화역 3번출구 뒤,서울특별시 종로구 명륜4가 96-5 4호선 혜화역,10
216,종로구,342,대학로 마로니에공원,서울특별시 종로구 동숭동 1-124,10
217,종로구,343,예일빌딩(율곡로) 앞,서울특별시 종로구 충신동 54-5,12
218,종로구,344,성균관대 E하우스 앞,서울특별시 종로구 충신동 27-36,10
219,종로구,345,서울보증보험본사 앞,서울특별시 종로구 연지동 136-74 서울보증보험,15
220,중구,346,맥스타일 앞,서울특별시 중구 신당동 773 맥스타일,10
221,중구,347,동대문역사문화공원역 9번출구 앞,서울특별시 중구 광희동2가 9 동대문역사문화공원역 4호선,18
222,종로구,348,독립문역 사거리,서울특별시 종로구 교북동 10-1,14
223,종로구,349,사직동주민센터,서울특별시 종로구 사직동 1-28 사직치안센터,7
224,종로구,351,청운초교 앞 삼거리,서울특별시 종로구 청운동 108-22,8
225,종로구,352,중앙고입구 삼거리,서울특별시 종로구 가회동 10-6 이도본점,15
226,종로구,353,재동초교 앞 삼거리,서울특별시 종로구 재동 84-19,8
227,종로구,354,포르투갈 대사관 앞,서울특별시 종로구 원서동 159,10
228,종로구,355,서울사대부속초교 앞,서울특별시 종로구 연건동 178-3,15
229,종로구,356,KT혜화지사 앞,서울특별시 종로구 연건동 128-9,15
230,종로구,358,성대입구 사거리,서울특별시 종로구 명륜4가 188-4 동화빌딩,13
231,종로구,359,원남동사거리,서울특별시 종로구 원남동 106-1,8
232,종로구,361,동묘앞역 1번출구 뒤,서울특별시 종로구 숭인동 81-39,10
233,종로구,362,청계8가 사거리,서울특별시 종로구 숭인동 1436 삼일아파트,10
234,종로구,363,신설동역 11번출구 뒤,서울특별시 종로구 숭인동 1311 가로판매,10
235,종로구,364,창신역 1번출구 앞,서울특별시 종로구 창신동 23-816 창신3동주민센터,8
236,종로구,367,독립문역 3-1번출구,서울특별시 종로구 무악동 41-7 구두수선대,8
237,종로구,368,SK 서린빌딩 앞,서울특별시 종로구 서린동 93-2,12
238,종로구,369,광화문 시민열린마당,서울특별시 종로구 세종로 76-5,20
239,중구,370,시청역(2호선) 9번출구 뒤,서울특별시 중구 서소문동 90-1 시청역 2호선,26
240,중구,371,동대입구역 6번출구 뒤,서울특별시 중구 장충동2가 199-3 동대입구역 3호선,10
241,중구,372,약수역 3번출구 뒤,서울특별시 중구 신당동 369-44 약수역 3호선,10
242,중구,373,청구 어린이공원,서울특별시 중구 신당동 346-238,8
243,중구,374,청구역 2번출구 앞,"서울특별시 중구 신당동 295-2 청구역 5,6호선",10
244,중구,375,다산 어린이공원,서울특별시 중구 신당동 122-6,8
245,중구,378,청계7가 사거리,서울특별시 중구 흥인동 162-1 신당역 6호선,10
246,중구,379,서울역9번출구,서울특별시 중구 남대문로5가 73-6 서울역 1호선,7
247,중구,380,CJ제일제당 앞,서울특별시 중구 쌍림동 292 씨제이제일제당센터,8
248,중구,381,장충체육관,서울특별시 중구 장충동2가 200-99 가로판매대247,10
249,중구,382,약수역 10번출구 앞,서울특별시 중구 신당동 357-1,7
250,중구,383,신당역 12번 출구 뒤,서울특별시 중구 장충동1가 50-36,17
251,중구,384,종로학원본원,서울특별시 중구 중림동 363 종로학원 중림동빌딩,10
252,종로구,385,종각역 5번출구,서울특별시 종로구 서린동 26-1 가로판매대,10
253,종로구,386,올림픽기념 국민생활관 앞,서울특별시 종로구 혜화동 1-21 국민생활관,10
254,중구,387,훈련원공원주차장 앞,서울특별시 중구 을지로5가 40-3 훈련원공원,10
255,종로구,388,동성중학교 앞,서울특별시 종로구 혜화동 22-56 혜화쉐르빌,10
256,중구,389,을지로4가역 1번출구,서울특별시 중구 을지로4가 267-1 을지로4가역 2호선,10
257,중구,390,충무로역 1번출구,서울특별시 중구 필동2가 19-1 대한극장,10
258,중구,391,정동길입구,서울특별시 중구 정동 3-7,8
259,종로구,393,동대문역 8번 출구,서울특별시 종로구 종로6가 287-1 4호선 동대문역,10
260,종로구,394,경희궁 자이 3단지,서울특별시 종로구 평동 233 경희궁자이 3단지,15
261,종로구,395,경희궁 자이 2단지,서울특별시 종로구 홍파동 199 경희궁자이 2단지,8
262,종로구,397,종묘공영주차장 건너편,서울특별시 종로구 종로5가 82-1 종오지하쇼핑센터,13
263,중구,398,을지로3가역 3번출구,서울특별시 중구 을지로3가 282-8 을지로3가역 3호선,8
264,중구,399,서울역 센트럴 자이아파트,서울특별시 중구 만리동2가 176-1 서울역센트럴자이,15
265,마포구,400,상암한화오벨리스크 1차 앞,서울특별시 마포구 상암동 1734 상암 한화 오벨리스크,15
266,마포구,401,상암월드컵파크 10단지 앞,서울특별시 마포구 상암동 1736 상암월드컵파크10단지,15
267,마포구,402,상암월드컵파크 9단지 앞,서울특별시 마포구 상암동 1752 상암월드컵파크9단지,20
268,마포구,403,부엉이공원 앞,서울특별시 마포구 상암동 1735 공원관리사무소,20
269,마포구,405,DMC빌 앞,서울특별시 마포구 상암동 1584 DMC VILLE(외국인임대주택),8
270,마포구,406,상암월드컵파크 7단지 앞,서울특별시 마포구 상암동 1660 상암월드컵파크 7단지,15
271,마포구,407,마포구 육아종합지원센터,서울특별시 마포구 상암동 1686 마포보육정보센터,8
272,마포구,408,LG CNS앞,서울특별시 마포구 상암동 1591 LG CNS 상암IT 센터,20
273,마포구,409,누리꿈스퀘어 옆,서울특별시 마포구 상암동 1605 누리꿈스퀘어,25
274,마포구,410,상암중학교 옆,서울특별시 마포구 상암동 1657 상암중학교,10
275,마포구,411,DMC홍보관,서울특별시 마포구 상암동 1612 DMC 홍보관,9
276,마포구,412,DMC산학협력연구센터 앞,서울특별시 마포구 상암동 1649 DMC 산학협력연구센터,20
277,마포구,413,상암월드컵파크 3단지 후문,서울특별시 마포구 상암동 2-74,9
278,마포구,414,상암동주민센터 옆,서울특별시 마포구 상암동 1616 상암동주민센터,8
279,마포구,415,DMC역 9번출구 앞,서울특별시 마포구 상암동 1140 공항철도 디지털미디어시티역,10
280,마포구,416,상암월드컵파크 1단지 교차로,서울특별시 마포구 상암동 1743 상암월드컵파크12단지,12
281,마포구,417,DMC역 2번출구 옆,서울특별시 은평구 증산동 223-25 6호선 디지털미디어시티역,20
282,마포구,418,월드컵경기장역 3번출구 옆,서울특별시 마포구 성산동 420 월드컵경기장역,10
283,마포구,419,홈플러스 앞,서울특별시 마포구 성산동 420 월드컵경기장역,21
284,마포구,420,서울시 공공자전거 상암센터,서울특별시 마포구 상암동 1634 상암월드컵아파트 1단지,40
285,마포구,421,마포구청 앞,서울특별시 마포구 성산동 370 마포구청,8
286,마포구,422,문화비축기지,서울특별시 마포구 성산동 670,13
287,마포구,424,롯데하이마트 (상암월드컵점),서울특별시 마포구 상암동 1715-29,15
288,마포구,425,DMC 첨단산업센터,서울특별시 마포구 상암동 1580 DMC첨단산업센터,10
289,마포구,426,서울신용보증재단,서울특별시 마포구 공덕동 168 서울신용보증재단,10
290,마포구,427,성산시영아파트,서울특별시 마포구 성산동 446 성산시영아파트,10
291,중구,428,명보사거리,서울특별시 중구 을지로3가 282-8 을지로3가역 3호선,10
292,중구,429,송도병원,서울특별시 중구 신당동 432-730,8
293,중구,430,KEB하나은행 장충동지점,서울특별시 중구 장충동1가 26-1,8
294,중구,431,청계천 영도교,서울특별시 중구 황학동 2472-1 ,15
295,마포구,432,마포중앙도서관,서울특별시 마포구 성산동 275-3 마포중앙도서관,10
296,중구,433,을지로입구역 2번출구,서울특별시 중구 을지로1가 118,10
297,중구,434,신당 레미안 버스정류장,서울특별시 중구 신당동 85-730,10
298,중구,435,SK 남산빌딩,서울특별시 중구 남대문로5가 67-4 서울로7017편의시설,10
299,마포구,436,이대역 5번출구,서울특별시 마포구 대흥동 2-1,10
300,마포구,437,대흥역 1번출구,서울특별시 마포구 대흥동 105-4,12
301,마포구,438,성산2-1 공영주차장,서울특별시 마포구 성산동 199-46,15
302,마포구,439,마포어린이공원,서울특별시 마포구 마포동 364-4,10
1534,마포구,440,하늘공원 입구,서울특별시 마포구 상암동 481-6,15
303,종로구,446,상명대입구,서울특별시 종로구 홍지동 45-2,10
304,종로구,447,신영동삼거리,서울특별시 종로구 신영동 26 진흥빌딩,10
305,종로구,449,일성아파트,서울특별시 종로구 평창동 145-5 일성아파트,10
306,종로구,450,효자동 삼거리,서울특별시 종로구 효자동 150 청와대사랑채,20
307,종로구,451,청와대앞길,서울특별시 종로구 팔판동 141,13
308,종로구,452,동대문 종합시장 버스정류장,서울특별시 종로구 종로5가 11-2 가로판매대,13
309,종로구,453,종로오가 지하쇼핑센터 14번출구,서울특별시 종로구 종로5가 82-1 가로판매대,10
310,종로구,454,종로2가 버스정류장(종각방향),서울특별시 종로구 종로2가 15,13
311,종로구,455,삼익한의원,서울특별시 종로구 종로5가 269-3 가로판매대,8
312,종로구,456,숭인2동 주민센터 입구(이강3대냉면),서울특별시 종로구 숭인동 183-2 가로판매,10
313,종로구,457,종로꾳시장 입구 옆,서울특별시 종로구 종로6가 94-1 가로판매대,10
314,종로구,458,광화문역 5번출구,서울특별시 종로구 세종로 1-68 5호선 광화문역,21
315,종로구,461,서울지방경찰청,서울특별시 종로구 내자동 186-3 ,10
1532,종로구,462,신영동삼거리(북악터널방향),서울특별시 종로구 신영동 72-15,15
1535,종로구,464,삼청동 골목,서울특별시 종로구 삼청동 80-6,10
1538,종로구,465,삼청공원 앞,서울특별시 종로구 삼청동 25-32,5
316,광진구,500,어린이대공원역 3번출구 앞,서울특별시 광진구 화양동 164-1 7호선 어린이대공원역,10
317,광진구,501,광진구의회 앞,서울특별시 광진구 자양동 227-344 광진문화예술회관 및 구의회청사,30
318,광진구,502,뚝섬유원지역 1번출구 앞,서울특별시 광진구 자양동 73-2 7호선 뚝섬유원지역,27
319,광진구,504,신자초교입구교차로,서울특별시 광진구 자양동 608-19,9
320,광진구,505,자양사거리 광진아크로텔 앞,서울특별시 광진구 자양동 779 타워더모스트광진아크로텔,10
321,성동구,506,금호 어울림 아파트 앞,서울특별시 성동구 송정동 103 금호베스트빌,7
322,성동구,507,성수아이에스비즈타워 앞,서울특별시 성동구 성수동2가 289-319 아이에스비즈타워,7
323,성동구,508,성수아카데미타워 앞,서울특별시 성동구 성수동2가 277-17 성수아카데미타워,10
324,성동구,509,이마트 버스정류소 옆,서울특별시 성동구 성수동2가 333-16 이마트 성수점,20
325,성동구,510,서울숲 남문 버스정류소 옆,서울특별시 성동구 성수동1가 685-1,10
326,성동구,511,서울숲역 4번 출구 옆,서울특별시 성동구 성수동1가 656-436 서울숲역,16
327,성동구,512,뚝섬역 1번 출구 옆,서울특별시 성동구 성수동1가 656-745 뚝섬역,15
328,성동구,513,뚝섬역 5번 출구 정류소 옆,서울특별시 성동구 성수동1가 656-745 뚝섬역,13
329,성동구,514,성수사거리 버스정류장 앞,서울특별시 성동구 성수동2가 277-69 현대자동차,7
330,광진구,515,광양중학교 앞,서울특별시 광진구 자양동 674 서울광양중학교,10
331,광진구,516,광진메디칼 앞,서울특별시 광진구 군자동 356-10 광진 메디컬센터,10
332,성동구,518,청계천 박물관 앞,서울특별시 성동구 마장동 610,20
333,성동구,519,양지사거리,서울특별시 성동구 홍익동 590 구두수선대,20
334,성동구,520,상왕십리역 4번 출구 앞,서울특별시 성동구 하왕십리동 960-3 구두수선대,10
335,성동구,521,왕십리역 11번 출구 앞,서울특별시 성동구 행당동 188-9 가로판매대,14
336,성동구,522,금호역 1번출구 앞,서울특별시 성동구 금호동3가 1575-3 구두수선대,9
337,성동구,523,옥수동성당 옆,서울특별시 성동구 옥수동 산5-148,11
338,성동구,524,래미안금호하이리버 아파트 102동 옆,서울특별시 성동구 금호동2가 1220-1,10
339,성동구,525,한양대병원사거리,서울특별시 성동구 행당동 20-2,20
340,성동구,526,용답토속공원 앞,서울특별시 성동구 용답동 224-1,10
341,성동구,529,장한평역 8번 출구 앞,서울특별시 성동구 용답동 224-3,15
342,성동구,530,청계벽산아파트 앞,서울특별시 성동구 하왕십리동 286-24,9
343,성동구,533,우리은행 금호동 지점 앞,서울특별시 성동구 금호동4가 1101 가로판매대,7
344,성동구,534,금호사거리,서울특별시 성동구 금호동2가 1205-1,20
345,성동구,535,응봉삼거리,서울특별시 성동구 응봉동 134-26,16
346,성동구,536,행당역 2번출구 앞,서울특별시 성동구 행당동 347-11,8
347,성동구,537,한양대후문역 부근,서울특별시 성동구 행당동 1-10 아파트,10
348,성동구,538,답십리역 8번출구 앞,서울특별시 성동구 용답동 102-1,15
349,광진구,539,군자교교차로,서울특별시 광진구 중곡동 263-1,10
350,광진구,540,군자역 7번출구 베스트샵 앞,서울특별시 광진구 군자동 499 가로판매대 - 17,8
351,광진구,542,강변역 4번출구 뒤,서울특별시 광진구 구의동 546-6 가로판매대 - 28,19
352,광진구,543,구의공원(테크노마트 앞),서울특별시 광진구 구의동 546-3 가로판매대 - 26,20
353,광진구,544,광남중학교,서울특별시 광진구 광장동 561-15,20
354,광진구,546,잠실대교북단 교차로,서울특별시 광진구 자양동 722 구두수선대 - 16,8
355,광진구,548,자양나들목,서울특별시 광진구 자양동 738 가로판매대 - 03,20
356,광진구,549,아차산역 3번출구,서울특별시 광진구 구의동 96 가로판매대 - 22,10
357,성동구,550,서울시설공단 앞,서울특별시 성동구 마장동 610 ,15
358,광진구,551,구의삼성쉐르빌 앞,서울특별시 광진구 구의동 199-18 구의동삼성쉐르빌,10
359,광진구,552,대림아크로리버 앞,서울특별시 광진구 구의동 589-10 구의아크로리버,10
360,광진구,553,중곡 성원APT 앞,서울특별시 광진구 중곡동 681 성원아파트,19
361,광진구,555,구의3동주민센터,서울특별시 광진구 구의동 587-29 구의3동 복합청사,10
362,성동구,556,달맞이공원,서울특별시 성동구 금호동4가 367-1,20
363,성동구,557,도선동 주민센터 앞,서울특별시 성동구 홍익동 367 리더스파크,10
364,성동구,558,성동광진 교육지원청 앞,서울특별시 성동구 행당동 7 청소년수련관,20
365,성동구,559,왕십리역 4번 출구 건너편,서울특별시 성동구 행당동 196-9,10
366,성동구,560,비전교회 앞,서울특별시 성동구 송정동 73-21,8
367,성동구,561,서울숲역 2번출구 앞,서울특별시 성동구 성수동1가 656-465,10
368,성동구,562,군자지하보도 앞,서울특별시 성동구 송정동 99-13,10
369,성동구,563,성동세무서 건너편,서울특별시 성동구 성수동2가 281 거화빌딩,10
370,성동구,564,금호역 3번출구,서울특별시 성동구 금호동4가 1483,15
371,성동구,565,옥수역 3번출구,서울특별시 성동구 옥수동 191-3 강변벽산빌라트,20
372,성동구,567,성수역 2번출구 앞,서울특별시 성동구 성수동2가 300-1 삼진빌딩,15
373,성동구,568,청계8가사거리 부근,서울특별시 동대문구 신설동 109-13 청계천 대성 스카이렉스1,10
374,성동구,569,응봉현대아파트 정류소,서울특별시 성동구 응봉동 98 현대종합상가,10
375,광진구,571,어린이대공원역6번출구,서울특별시 광진구 군자동 365 서울장안초등학교,20
376,광진구,572,국립정신 건강센터 앞,서울특별시 광진구 중곡동 166-12,20
377,광진구,573,구의문주차장 앞,서울특별시 광진구 능동 18-61 어린이대공원,10
378,광진구,574,아차산역4번출구,서울특별시 광진구 능동 18-61 어린이대공원,40
379,광진구,575,중앙농협 중곡지점,서울특별시 광진구 중곡동 18-71 대하빌딩,10
380,광진구,576,광나루역 3번 출구,서울특별시 광진구 광장동 218-1 광장극동아파트,10
381,광진구,577,광진청소년수련관,서울특별시 광진구 광장동 313-3 시립광진청소년센터,10
382,성동구,578,성동세무서 부근,서울특별시 성동구 송정동 67-11,8
383,성동구,579,마장역 4번출구,서울특별시 성동구 마장동 792,8
384,성동구,580,신금호역 3번출구 뒤,서울특별시 성동구 금호동2가 448 김약국,6
385,성동구,581,용답초등학교,서울특별시 성동구 용답동 29 용답초등학교,13
386,성동구,582,경일중학교 앞,서울특별시 성동구 성수동1가 22-27 경일 중.고등학교,10
387,성동구,583,청계천 생태교실 앞,서울특별시 성동구 마장동 766-25 마장동오피스텔,20
388,광진구,584,광진광장 교통섬,서울특별시 광진구 군자동 374-8,20
389,성동구,585,성수2가1동 공영주차장 인근,서울특별시 성동구 성수동2가 569-3,9
390,성동구,586,마장동 주민센터,서울특별시 성동구 마장동 784 세림아파트,10
391,성동구,587,KEB하나은행 성수중앙지점,서울특별시 성동구 성수동2가 276-5 가로판매대,10
392,광진구,588,뚝섬 유원지역,서울특별시 광진구 자양동 73-2 7호선 뚝섬유원지역,20
393,성동구,589,성수역3번출구,서울특별시 성동구 성수동2가 300-1 성수역,8
394,광진구,590,건국대학교 (입학정보관),서울특별시 광진구 화양동 1 건국대학교,20
395,광진구,591,건국대학교 (행정관),서울특별시 광진구 화양동 1 건국대학교,5
396,광진구,592,건국대학교 학생회관,서울특별시 광진구 화양동 1 건국대학교,30
397,광진구,593,자양중앙나들목,서울특별시 광진구 자양동 591-13 한강아파트,5
398,성동구,594,중랑물재생센터(서울새활용플라자),서울특별시 성동구 용답동 250-14 서울새활용플라자,15
399,동대문구,600,휘경2동 주민센터,서울특별시 동대문구 휘경동 367-1 휘경2동 주민센터,10
400,동대문구,601,용신동주민센터,서울특별시 동대문구 용두동 65-25,10
401,동대문구,602,장안동 사거리,서울특별시 동대문구 장안동 369-3,10
402,동대문구,604,답십리초등학교 옆 공원,서울특별시 동대문구 답십리동 274 답십리초등학교,15
403,동대문구,605,신설동역8번출구,서울특별시 동대문구 신설동 96-48 대상빌딩,8
404,동대문구,606,휘경공고앞,서울특별시 동대문구 휘경동 49-327 휘경공업고등학교,15
405,동대문구,607,신이문역 2번출구,서울특별시 동대문구 이문동186-1,10
406,동대문구,608,전농삼성아파트,서울특별시 동대문구 전농동 155 전농동삼성아파트,10
407,동대문구,609,제기2교,서울특별시 동대문구 제기동122-388,20
408,동대문구,610,동대문중 교차로,서울특별시 동대문구 답십리동 524-1,10
409,동대문구,612,시립동부병원 앞 사거리,서울특별시 동대문구 용두동 237-10 구두수선대,20
410,동대문구,613,신설동역 10번출구 앞,서울특별시 동대문구 신설동 92-34 가로판매대,10
411,동대문구,614,용두동 사거리,서울특별시 동대문구 용두동 237-10 구두수선대,20
412,동대문구,615,용두동 레미안허브리츠아파트 앞,서울특별시 동대문구 용두동 696-13 ,20
413,동대문구,616,시립대 앞,서울특별시 동대문구 전농동 135-5,20
414,동대문구,617,청솔우성아파트 앞,서울특별시 동대문구 답십리동 94-2 ,20
415,동대문구,621,동대문중학교 옆,서울특별시 동대문구 장안동 93-79,13
416,동대문구,622,전농사거리 교통섬,서울특별시 동대문구 전농동 35-3,15
417,동대문구,623,서울시립대 정문 앞,서울특별시 동대문구 전농동 152-2,20
418,동대문구,624,전농동 동아아파트 앞,서울특별시 동대문구 전농동 645-2 동아아파트,10
419,동대문구,625,답십리초등학교 앞(현대시장 옆),서울특별시 동대문구 답십리동 276-7,9
420,동대문구,626,군자교 서측 녹지대,서울특별시 동대문구 장안동 456-22,10
421,동대문구,627,장안동삼거리 교통섬,서울특별시 동대문구 장안동 301-1 서울장안2동우체국,10
422,동대문구,628,휘봉고등학교 앞,서울특별시 동대문구 휘경동 43-138 휘봉고등학교,15
423,동대문구,630,동대문구 보건소,서울특별시 동대문구 용두동 39-9 동대문구청,15
424,동대문구,631,답십리역 1번출구,서울특별시 동대문구 답십리동 496-17,15
425,동대문구,633,청량리 기업은행 앞,서울특별시 동대문구 청량리동 746 기업은행 청량리지점,8
426,동대문구,634,외국어대 정문 앞,서울특별시 동대문구 이문동 270-1 한국외국어대학교,20
427,동대문구,635,시조사 앞 (청량고정문 옆),서울특별시 동대문구 회기동 66-1 시조사,12
428,동대문구,636,세종대왕기념관 교차로,서울특별시 동대문구 청량리동 산1-157 세종대왕기념관,9
429,동대문구,637,KAIST 경영대학 앞,서울특별시 동대문구 청량리동 207-42 한국과학기술원,10
430,동대문구,638,서울시립대 정보기술관,서울특별시 동대문구 전농동 산32-20,20
431,동대문구,639,서울시립대 후문,서울특별시 동대문구 전농동 산32-20,14
432,동대문구,640,KEB하나은행 청량리역지점,서울특별시 동대문구 청량리동 268 동광빌딩,6
433,동대문구,641,용두역 4번출구,서울특별시 동대문구 용두동 34-6 동대문환경자원센터,10
434,동대문구,642,신답역 사거리,서울특별시 동대문구 답십리동 465-137,7
435,동대문구,643,동대문구민체육센터 (육교아래),서울특별시 동대문구 장안동 356 장평근린공원,10
436,동대문구,646,장한평역 1번출구 (국민은행앞),서울특별시 동대문구 장안동 416-6 동보빌딩,10
437,동대문구,647,신이문역 1번출구,서울특별시 동대문구 이문동 220-20,10
438,동대문구,648,장안동 위더스빌 옆,서울특별시 동대문구 장안동 580 위더스빌,15
439,동대문구,650,중랑교사거리,서울특별시 동대문구 휘경동 112-49,20
440,동대문구,651,우리은행청량리지점앞,서울특별시 동대문구 왕산로 239,10
441,동대문구,652,답십리 래미안엘파인아파트 입구,서울특별시 동대문구 전농동 6-6,20
442,동대문구,654,전농동 텃골공원,서울특별시 동대문구 전농동 690 래미안 크레시티,10
443,동대문구,656,영휘원 교차로,서울특별시 동대문구 청량리동 199-232,10
444,동대문구,657,동대문롯데캐슬아파트 앞,서울특별시 동대문구 전농동 695 동대문 롯데캐슬 노블레스,13
445,동대문구,658,촬영소 사거리,서울특별시 동대문구 답십리동 2-146,10
446,동대문구,659,제기역1번출구,서울특별시 동대문구 용두동 237-10 구두수선대,15
447,동대문구,660,동의보감타워,서울특별시 동대문구 용두동 787 동의보감타워,10
448,동대문구,661,경희대학교 청운관,"서울특별시 동대문구 회기동 1-5 경희대학교,경희초,중,고,여자중고등학교",10
449,동대문구,663,외대앞역 4번출구,서울특별시 동대문구 휘경동 146-42,10
1539,종로구,664,서울시립대 대학본부,서울특별시 동대문구 전농동 694 서울시립대학교,10
450,양천구,700,KB국민은행 염창역 지점 앞,서울특별시 양천구 목동 559,20
451,양천구,701,목동사거리 부근,서울특별시 양천구 목동 813 가로판매대6,8
452,양천구,702,목4동주민센터 옆,서울특별시 양천구 목동 904-3,16
453,양천구,703,오목교역 7번출구 앞,서울특별시 양천구 목동 451 가로판매대1,12
454,양천구,704,남부법원검찰청 교차로,서울특별시 양천구 신정동 1095 구두수선대25,15
455,양천구,706,신정네거리역,서울특별시 양천구 신월동 894 공중화장실,15
456,양천구,707,신정3동주민센터,서울특별시 양천구 신정동 1263 신정3동주민센터,10
457,양천구,708,서울출입국관리사무소 앞,서울특별시 양천구 신정동 319-3,16
458,양천구,709,신정3동 현장민원실 앞,서울특별시 양천구 신정동 760-2,20
459,양천구,710,서부화물트럭터미널 사거리,서울특별시 양천구 신정동 759-2,12
460,양천구,711,신일해피트리아파트 앞,서울특별시 양천구 신월동 1063-4,20
461,양천구,712,강월초교입구 사거리,서울특별시 양천구 신월동 905 구두수선대17,14
462,양천구,713,양서중학교 옆,서울특별시 양천구 신월동 790 구두수선대11,20
463,양천구,714,한국SGI 양천문화회관 앞,서울특별시 양천구 신월동 790 구두수선대11,10
464,양천구,716,신정6동 주민센터 인근,서울특별시 양천구 신정동 322-1,15
465,양천구,719,홍익병원앞 교차로,서울특별시 양천구 목동 807-5 가인빌딩,10
466,양천구,720,서울강월초등학교 앞,서울특별시 양천구 신월동 987-3 서울강월초등학교,10
467,양천구,722,LG전자베스트샵 신정점,서울특별시 양천구 신정동 1027-4 LG Bestshop 신정점,10
468,양천구,723,SBS방송국,서울특별시 양천구 목동 920,15
469,양천구,724,계남공원 입구 주출입구 좌측,서울특별시 양천구 신정동 621-14,15
470,양천구,725,양강중학교앞 교차로,서울특별시 양천구 신정동 754-5 양천에코빌,15
471,양천구,726,목동3단지 시내버스정류장,서울특별시 양천구 목동 772-12,15
472,양천구,729,서부식자재마트 건너편,서울특별시 양천구 신정동 236 ,10
473,양천구,731,서울시 도로환경관리센터,서울특별시 양천구 목동 914-6 도로환경관리센터,10
474,양천구,732,신월동 이마트,서울특별시 양천구 신월동 26,10
475,양천구,733,신정이펜하우스314동,서울특별시 양천구 신정동 1316 신정이펜하우스3단지,10
476,양천구,734,신트리공원 입구,서울특별시 양천구 신정동 310-8 ,10
477,양천구,735,영도초등학교,서울특별시 양천구 목동 903-1 서울영도초등학교,10
478,양천구,736,오솔길공원,서울특별시 양천구 신월동 975-1 동산주택,10
479,양천구,737,장수공원,서울특별시 양천구 신월동 894,10
480,양천구,739,신월사거리,서울특별시 양천구 신월동 263 가로공원공영주차장,15
481,양천구,740,으뜸공원,서울특별시 양천구 신월동 263 가로공원공영주차장,10
482,양천구,741,화곡로 입구 교차로,서울특별시 양천구 신월동 36-1,10
483,양천구,742,등촌역 5번 출구 뒤,서울특별시 양천구 목동 606-18,10
484,양천구,743,현대6차아파트 101동 옆,서울특별시 양천구 신정동 735-5,10
485,양천구,744,신목동역 2번 출구,서울특별시 양천구 목동 900-2,10
486,양천구,745,강서초등학교,서울특별시 양천구 신월동 441,10
487,양천구,746,목동2단지 상가,서울특별시  양천구 목동 902-5 ,10
488,양천구,747,목동3단지 상가,서울특별시 양천구 목동 903-6,10
489,양천구,748,목동운동장,서울특별시 양천구 목동 914 목동종합운동장,15
490,양천구,749,이대 목동병원 앞,서울특별시 양천구 목동 911-10,10
491,양천구,750,연의근린공원 건너편,서울특별시 양천구 신정동 1280 신성교회,10
492,양천구,752,성원2차 아파트,서울특별시 양천구 목동 709-2 성원아파트,10
493,양천구,754,목동1단지아파트 118동 앞(월촌초등학교 정류소 옆),서울특별시 양천구 목동 901 목동신시가지아파트1단지,10
494,양천구,755,목동1단지아파트 상가 앞(월촌중학교 버스정류소 옆),서울특별시 양천구 목동 901 목동신시가지아파트1단지,10
495,양천구,756,목동주차장,서울특별시 양천구 목동 915,10
496,양천구,757,신정이펜하우스1단지아파트 입구 사거리,서울특별시 양천구 신정동 1321 신정이펜하우스1단지,10
497,양천구,758,한사랑교회 앞,서울특별시 양천구 신정동 324-1 한사랑교회,10
498,양천구,759,보아스아파트 앞,서울특별시 양천구 신월동 422-7 보아스청와아파트,9
499,양천구,760,잣절보도육교 아래,서울특별시 양천구 신정동 737-27,10
500,양천구,762,오목로 무중력지대 앞,서울특별시 양천구 목동 450-1,10
501,양천구,763,목동11단지 아파트,서울특별시 양천구 신정동 325 목동신시가지아파트11단지,10
502,양천구,764,목동청소년수련관,서울특별시 양천구 목동 918-1,30
503,양천구,765,오목교역 3번출구,서울특별시 양천구 목동 947 목동3차 월드메르디앙,10
1524,양천구,766,신목동역 3번출구,서울특별시 양천구 목동 136-1 신목동역자전거주차장,15
504,용산구,800,목월공원 앞,서울특별시 용산구 원효로4가 109-10,15
505,용산구,802,한강진역 2번 출구 앞,서울특별시 용산구 한남동 726-494 6호선 한강진역,10
506,용산구,803,한남초교 앞 보도육교,서울특별시 용산구 한남동 725-17,10
507,용산구,805,문배어린이공원 앞,서울특별시 용산구 문배동 34-10,9
508,용산구,806,전자랜드 본관 앞,서울특별시 용산구 한강로3가 16-8,20
509,용산구,807,서울역 12번 출구 앞,서울특별시 용산구 동자동 14-229,10
510,용산구,808,서빙고동 금호맨션 앞,서울특별시 용산구 서빙고동 235-5,10
511,용산구,809,한남 유수지 복개주차장,서울특별시 용산구 한남동 522-44,10
512,용산구,810,이태원지하보도,서울특별시 용산구 용산동2가 5-1812,10
513,용산구,811,녹사평역1번출구,서울특별시 용산구 용산동2가 6-7,20
514,용산구,812,용산전쟁기념관,서울특별시 용산구 용산동1가 8-4,20
515,용산구,813,삼각지역 3번출구,서울특별시 용산구 한강로1가 228-1 구두수선대,20
516,용산구,815,LIG강촌아파트 103동앞,서울특별시 용산구 이촌동 301-5 구두수선대,20
517,용산구,816,신용산역 6번출구 앞,서울특별시 용산구 한강로2가 312-4 대우디오빌,15
518,용산구,817,삼각지역 4번출구 앞,서울특별시 용산구 한강로1가 301-2,9
519,용산구,818,숙명여대 입구 교차로,서울특별시 용산구 청파동2가 53-12 숙명여자대학교,15
520,용산구,819,선린인터넷 고등학교,"서울특별시 용산구 청파동3가 131-2 선린중학교,선린인터넷고등학교",12
521,용산구,820,청파동입구 교차로,서울특별시 용산구 동자동 43-155,10
522,용산구,822,이촌1동 마을공원,서울특별시 용산구 이촌동 301-86 이촌파출소,10
523,용산구,823,효창동주민센터 앞,서울특별시 용산구 효창동 255-17,10
524,용산구,825,서빙고동 주민센터 앞,서울특별시 용산구 서빙고동 134 서빙고동주민센터,15
525,중구,826,서울역 서부교차로2,서울특별시 중구 남대문로5가 67-4 서울로7017편의시설,20
526,용산구,827,국군복지단,서울특별시 용산구 용산동2가 2,20
527,용산구,828,숙대입구역 8번,서울특별시 용산구 갈월동 87,7
528,용산구,829,베르가모앞,서울특별시 용산구 한강로3가 40-19,40
529,용산구,830,청암자이아파트앞,서울특별시 용산구 청암동 13-1,10
530,용산구,831,이태원관광특구입구,서울특별시 용산구 이태원동 34-16,15
531,용산구,832,이촌1동 주민센터 뒤,"서울특별시 용산구 이촌동 301-82 이촌제1동주민센터, 용산청소년수련관",15
532,용산구,834,효창공원앞역 3번출구 뒤,서울특별시 용산구 효창동 80 6호선 효창공원앞역,15
533,용산구,835,남영역 건너편,서울특별시 용산구 갈월동 93-60,10
534,용산구,836,현대자동차서비스 앞,서울특별시 용산구 원효로4가 114-38 현대자동차원효로사옥,15
535,용산구,837,한남나들목 입구,서울특별시 용산구 한남동 551 한남동 하이페리온 Ⅱ,10
536,용산구,838,숙대입구역 4번출구,서울특별시 용산구 남영동 19-8,8
537,용산구,839,보광동 삼성리버빌아파트 앞,서울특별시 용산구 보광동 151 리버빌아파트,10
538,용산구,840,용산 파크타워 앞,서울특별시 용산구 용산동5가 24 파크타워,10
539,용산구,841,신용산역 1번 출구,서울특별시 용산구 한강로2가 424 아모레퍼시픽,15
540,용산구,843,녹사평역 광장,서울특별시 용산구 이태원동 34-16,10
541,용산구,844,이촌2동 동원베네스트 아파트 앞,서울특별시 용산구 이촌동 434 동원베네스트아파트,11
542,용산구,845,용산 선인상가,서울특별시 용산구 한강로3가 3-42,22
543,용산구,846,용산중학교,서울특별시 용산구 용산동2가 1-1623 용산중학교,15
544,은평구,900,은평예술회관,서울특별시 은평구 녹번동 85-4 은평문화예술회관,20
545,은평구,901,응암1동사무소,서울특별시 은평구 응암동 84-14,10
546,은평구,902,진관동 은빛초등학교,서울특별시 은평구 진관동 45-21,10
547,은평구,903,은평뉴타운 아이파크,서울특별시 은평구 진관동 13-20,20
548,은평구,904,은평뉴타운 푸르지오,서울특별시 은평구 진관동 5-8,18
549,은평구,905,구파발역 2번출구,서울특별시 은평구 진관동 86-31,11
550,은평구,906,연신내역 5번출구150M 아래,서울특별시 은평구 대조동 207-8,10
551,은평구,907,CJ 드림시티,서울특별시 은평구 역촌동 43-11,10
552,은평구,908,구산역 4번출구,서울특별시 은평구 갈현동 536-8,10
553,은평구,909,백련산 힐스테이트 3차,서울특별시 은평구 응암동 761-9,10
554,은평구,911,은평평화공원(역촌역4번출구),서울특별시 은평구 녹번동 153-31 6호선 역촌역사무소,10
555,은평구,912,응암오거리,서울특별시 은평구 응암동 604-5 가로판매대,10
556,은평구,913,이마트 은평점,서울특별시 은평구 응암동 90-15,15
557,은평구,914,새절역 2번출구,서울특별시 은평구 응암동 610-3,20
558,은평구,915,증산역 4번출구,서울특별시 은평구 증산동 199-8 6호선 증산역사무소,10
559,은평구,916,평생학습관 앞,서울특별시 은평구 역촌동 15-40,7
560,은평구,917,녹번역 4번출구,서울특별시 은평구 녹번동 1-55,9
561,은평구,919,서울혁신파크,서울특별시 은평구 녹번동 15-2,10
562,은평구,921,신도고등학교,서울특별시 은평구 진관동 242-14,10
563,은평구,922,연신내역 4번출구,서울특별시 은평구 대조동 227-2 가로판매대,10
564,은평구,923,국민은행 연서지점,서울특별시 은평구 불광동 355-3 국민은행연서점,10
565,은평구,924,메뚜기다리,서울특별시 은평구 진관동 161-9,15
566,은평구,925,불광역 2번출구,서울특별시 은평구 불광동 285-43 가로판매대,8
567,은평구,926,불광역 8번출구,서울특별시 은평구 불광동 276-6,8
568,은평구,927,연신내역 3번출구 인근,서울특별시 은평구 불광동 304-5,10
569,은평구,928,은평역사한옥박물관,서울특별시 은평구 진관동 133-29,15
570,은평구,930,구 서부경찰서 건너편,서울특별시 은평구 역촌동 41-7,7
571,은평구,931,역촌파출소,서울특별시 은평구 역촌동 45-34,20
572,은평구,932,예일여중,서울특별시 은평구 구산동 8-3 예일초등학교,10
573,은평구,933,LG서비스 역촌점,서울특별시 은평구 갈현동 469-6,10
574,은평구,934,신사동 성당,서울특별시 은평구 신사동 41-3,15
575,은평구,935,역촌역 1번 출구,서울특별시 은평구 역촌동 17-55,7
576,은평구,937,상림마을 롯데캐슬2단지 옆,서울특별시 은평구 진관동 30-23,15
577,은평구,938,금암 문화공원,서울특별시 은평구 진관동 44-28,15
578,은평구,939,은평구청 교차로,서울특별시 은평구 응암동 82-31,15
579,은평구,941,은평뉴타운 도서관,서울특별시 은평구 진관동 141-27,13
580,은평구,942,상림마을 생태공원,서울특별시 은평구 진관동 16-4,9
581,은평구,943,은평구청 보건소,서울특별시 은평구 녹번동 1-84,10
582,은평구,945,기자촌 사거리,서울특별시 은평구 진관동 149-17,10
583,은평구,946,독바위역,서울특별시 은평구 불광동 13-33 불광1 치안센터,10
584,은평구,947,연신내 선일하이츠빌 정류소,서울특별시 은평구 불광동 484-165,10
585,은평구,948,디지털미디어 시티역 4번출구,서울특별시 은평구 증산동 239 구두수선대,10
586,은평구,949,연신내역 1번 출구,서울특별시 은평구 불광동 487-2,7
587,은평구,950,구산역 2번 출구,서울특별시 은평구 역촌동 1-57,5
588,은평구,951,연신내역 6번출구옆,서울특별시 은평구 갈현동 389-15,15
589,은평구,952,서울연신중학교,서울특별시 은평구 불광동 400-4 연신중학교,10
590,은평구,953,서울연신초등학교,서울특별시 은평구 불광동 73-1 연신초등학교,10
591,은평구,954,은평뉴타운구파발9단지,서울특별시 은평구 진관동 25 은평뉴타운 구파발,10
592,은평구,956,응암시장교차로,서울특별시 은평구 응암동 427-117,9
593,은평구,958,신한은행 응암동 지점 앞,서울특별시 은평구 응암동 98-69 구두수선대,13
594,은평구,959,구파발10단지 인근,서울특별시 은평구 진관동 72-23,10
595,은평구,960,구파발역 환승센터,서울특별시 은평구 진관동 67-26 3호선 구파발역사무소,15
596,은평구,961,불광역 9번 출구,서울특별시 은평구 불광동 281-109,8
597,은평구,962,은평뉴타운 힐데스하임,서울특별시 은평구 진관동 70-4,10
598,은평구,963,대호프라자아파트,서울특별시 은평구 불광동 242-61,13
599,은평구,964,북한산힐스테이트 7차아파트,서울특별시 은평구 불광동 643-4,10
600,은평구,965,서울특별시 은평병원,서울특별시 은평구 응암동 232-3 은평병원,10
601,은평구,966,서울혁신파크1,서울특별시 은평구 녹번동 8-5,10
602,은평구,967,서울혁신파크2,서울특별시 은평구 녹번동 8-5,13
603,은평구,968,은평뉴타운 상림마을 13단지,서울특별시 은평구 진관동 11 은평뉴타운상림마을,7
604,은평구,969,은평 지웰테라스,서울특별시 은평구 진관동 9 은평지웰테라스,9
605,은평구,971,역촌 센트레빌 아파트,서울특별시 은평구 역촌동 221,10
1531,은평구,972,수색역,서울특별시 은평구 수색동 380-1 수색치안센터,20
606,강동구,1001,광진교 남단 사거리(디지털프라자앞),서울특별시 강동구 천호동 354,15
607,강동구,1002,해공공원(천호동),서울특별시 강동구 천호동 360 해공도서관,10
608,강동구,1003,해공도서관앞,서울특별시 강동구 천호동 360 해공도서관,20
609,강동구,1004,삼성광나루아파트 버스정류장,서울특별시 강동구 암사동 508 삼성광나루아파트,10
610,강동구,1006,롯데캐슬 115동앞,서울특별시 강동구 명일동 304-1 푸르텐셜투자신탁,15
611,강동구,1007,암사동 선사유적지,서울특별시 강동구 암사동 139-2 서울 암사동 유적,16
612,강동구,1008,암사역 3번출구(국민은행앞),서울특별시 강동구 암사동 501 암사역,10
613,강동구,1009,천호역4번출구(현대백화점),서울특별시 강동구 천호동 455 천호역,20
614,강동구,1010,강동세무서,서울특별시 강동구 길동 459-3 강동그린타워,20
615,강동구,1011,LIGA 아파트 앞,서울특별시 강동구 성내동 244-12 엘아이지건영리가 주상복합,20
616,강동구,1012,서울 상운차량,서울특별시 강동구 성내2동 88,15
617,강동구,1013,강동구청역 1번 출입구,서울특별시 강동구 성내동 319 강동구청역,15
618,강동구,1014,강동구평생학습관앞,서울특별시 강동구 고덕동 296 고덕평생학습관,15
619,강동구,1015,샛마을 근린공원,서울특별시 강동구 명일동 289-14,13
620,강동구,1016,해뜨는 주유소옆 리엔파크 109동앞,서울특별시 강동구 강일동 707 고덕리엔파크1단지아파트,10
621,강동구,1017,맥도날드(길동),서울특별시 강동구 길동 252-4 원윤임대길동,20
622,강동구,1018,둔촌 주공 GS 맞은편,서울특별시 강동구 성내동 439-13,20
623,강동구,1019,다성이즈빌아파트(호원대 대각선 맞은편),서울특별시 강동구 성내동 434-13 다성이즈빌 아파트,10
624,강동구,1020,강동경찰서,서울특별시 강동구 성내동 541-1 강동경찰서,15
625,강동구,1021,강일동 리슈빌 빌딩앞,서울특별시 강동구 강일동 679-3 강일리슈빌에스,15
626,강동구,1022,길동 사거리(초소앞),서울특별시 강동구 길동 459-4,20
627,강동구,1023,한국종합기술사옥 앞,서울특별시 강동구 상일동 504 ,15
628,강동구,1024,강동구청 앞,서울특별시 강동구 성내동 546-3,10
629,강동구,1025,상일초등학교,서울특별시 상동구 상일동 440-3,10
630,강동구,1026,대명초교 입구 교차로,서울특별시 강동구 명일동 312-59,14
631,강동구,1027,프라자 아파트 앞,서울특별시 강동구 길동 180,20
632,강동구,1028,포레스 주상복합 빌딩,서울특별시 강동구 성내동 119-2,10
633,강동구,1029,롯데 시네마,서울특별시 강동구 성내동 44-1 영화관씨네일레븐,10
634,강동구,1030,미호 플랜트 앞,서울특별시 강동구 성내동 478,15
635,강동구,1031,암사동 CBIS,서울특별시 강동구 암사동 440-13,15
636,강동구,1032,선사고등학교,서울특별시 강동구 암사동 445 한강포스파크아파트,20
637,강동구,1033,고덕동 아남아파트,서울특별시 강동구 고덕동 673,10
638,강동구,1034,고덕동 래미안 힐스테이트,서울특별시 강동구 고덕동 603,15
639,강동구,1035,고덕역 4번출구,서울특별시 강동구 명일동 46-5 헌혈의집,20
640,강동구,1036,고덕동 주양쇼핑,서울특별시 강동구 명일동 48-2,10
641,강동구,1037,강일리버파크 6단지,서울특별시 강동구 강일동 448-2,10
642,강동구,1038,강일 다솜 어린이 공원,서울특별시 강동구 강일동 333-2,10
643,강동구,1039,고덕초등학교,서울특별시 강동구 고덕동 215,7
644,강동구,1041,묘곡초등학교,서울특별시 강동구 고덕동 499-2,10
645,강동구,1042,강일 2.5단지 사이,서울특별시 강동구 강일동 63-20,10
646,강동구,1044,굽은다리역,서울특별시 강동구 명일동 345-12 굽은다리역,15
647,강동구,1047,건강보험 강동지사kt,서울특별시 강동구 길동 415-9 강동전화국,10
648,강동구,1048,동부기업(둔촌동),서울특별시 강동구 둔촌동 77-39,10
649,강동구,1049,강일리버파크 10단지,서울특별시 강동구 강일동 695 강일리버파크10단지아파트,10
650,강동구,1050,둔촌역 3번 출입구,서울특별시 강동구 성내동 428-5 오스카빌딩,15
651,강동구,1051,양지시장 (용성약국앞) 입구,서울특별시 강동구 암사동 451-18 암사종합상가,15
652,강동구,1052,리싸이클시티,서울특별시 강동구 고덕동 302 재활용센터,10
653,강동구,1053,동명근린공원 진입로 (아리수로),서울특별시 강동구 고덕동 230,8
654,강동구,1054,말우물 어린이 공원,서울특별시 강동구 상일동 268-5,10
655,강동구,1056,강일리버파크 7~11단지,서울특별시 강동구 강일동 435-2,10
656,강동구,1057,능골근린공원,서울특별시 강동구 상일동 482,15
657,강동구,1058,고덕숲 아이파크 1,서울특별시 강동구 상일동 133,12
658,강동구,1059,레미안 강동팰리스(102동),서울특별시 강동구 천호동 166-56,15
659,강동구,1060,천일초교 사거리,서울특별시 강동구 천호동 217-18,8
660,강동구,1061,천호초교 입구 사거리(일주빌딩),서울특별시 강동구 천호동 234-2,10
661,강동구,1062,고덕숲 아이파크 2,서울특별시 강동구 상일동 163,15
662,강서구,1101,개화동상사마을종점 버스정류장,서울특별시 강서구 개화동 425-24,10
663,강서구,1102,방화사거리 마을버스 버스정류장,서울특별시 강서구 방화동 450-20,10
664,강서구,1103,방화역 4번출구앞,서울특별시 강서구 방화동 829-4 금강프라자빌딩,10
665,강서구,1105,방화근린공원,서울특별시 강서구 방화동 855 방화근린공원관리사무소,10
666,강서구,1106,신방화사거리,서울특별시 강서구 방화동 271-5 수정교회,10
667,강서구,1108,공항시장역 2번출구 뒤,서울특별시 강서구 공항동 산20-2 공항시장역(9호선),8
668,강서구,1109,공항시장역 4번출구,서울특별시 강서구 공항동 산20-2 공항시장역(9호선),6
669,강서구,1110,공항중학교앞,서울특별시 강서구 공항동 12-3 공항중학교,10
670,강서구,1111,마곡엠밸리6_7단지 마곡중학교,서울특별시 강서구 마곡동 736-1 마곡중학교,15
671,강서구,1112,마곡엠밸리4단지 정문,서울특별시 강서구 마곡동 738 마곡엠밸리4단지,15
672,강서구,1113,서남환경공원 버스정류장,서울특별시 강서구 마곡동 74,15
673,강서구,1114,서남물재생센터 버스정류장,서울특별시 강서구 마곡동 754 복지마곡충전소,15
674,강서구,1115,등촌역 1번출구옆,서울특별시 강서구 등촌동 648 우현빌딩,10
675,강서구,1117,스타벅스앞,서울특별시 강서구 등촌동 668-9 청호프라자,10
676,강서구,1118,증미역 3번출구뒤(등촌두산위브센티움오피스텔),서울특별시 강서구 등촌동 666-40 증미역 9호선,10
677,강서구,1119,염창동 한마음아파트앞(염창동 빛나는 음악학원앞),서울특별시 강서구 염창동 244-2 한마음삼성아파트,6
678,강서구,1120,대림경동아파트앞,서울특별시 강서구 가양동 1474 대림경동아파트,10
679,강서구,1121,가양레포츠센터앞,서울특별시 강서구 가양동 1493,15
680,강서구,1122,황금내근린공원,서울특별시 강서구 가양동 1485-5 공원관리사무실,10
681,강서구,1124,발산역 6번출구옆(다이소앞),서울특별시 강서구 내발산동 645-1,10
682,강서구,1125,명덕고교입구(영종빌딩),서울특별시 강서구 내발산동 677-11 영종빌딩,10
683,강서구,1126,우장산역 1번출구옆(우장산아이파크105동앞),서울특별시 강서구 화곡동 1089-3 우장산역 5호선,7
684,강서구,1127,화곡역(에이스정형외과앞) 버스정류장,서울특별시 강서구 화곡동 1065-9,10
685,강서구,1128,화곡역 6번출구,서울특별시 강서구 화곡동 1089-54 화곡역 5호선,10
686,강서구,1129,화곡역 1번 출구 앞,서울특별시 강서구 화곡동 1089-54 화곡역 5호선,7
687,강서구,1130,화곡본동시장 버스정류장,서울특별시 강서구 화곡동 109-16,7
688,강서구,1131,꿈돌이공원 앞,서울특별시 강서구 화곡동 24-322 진성빌딩,8
689,강서구,1132,등촌역 7번출구,서울특별시 강서구 등촌동 666-94 등촌역9호선,10
690,강서구,1135,강서구의회,서울특별시 강서구 등촌동 512-1 강서구의회회관,10
691,강서구,1136,등촌2파출소,서울특별시 강서구 등촌동 513-6,10
692,강서구,1137,등촌2동주민센터,서울특별시 강서구 등촌동 560-12 등촌2동주민센터,10
693,강서구,1139,용문사 버스정류장,서울특별시 강서구 등촌동 564-2 대일빌딩,8
694,강서구,1140,목동사거리 버스정류장,서울특별시 강서구 화곡동 781-4 수남빌딩,15
695,강서구,1141,곰달래 문화복지센터 1-1,서울특별시 강서구 화곡동 890 복지문화센터및공영주차장,10
696,강서구,1145,곰달래 문화복지센터 1-2,서울특별시 강서구 화곡동 890 복지문화센터및공영주차장,10
697,강서구,1146,곰달래사거리,서울특별시 강서구 화곡동 357-25,10
698,강서구,1148,볏골공원,서울특별시 강서구 화곡동 98-99 볏골공원 지하주차장,10
699,강서구,1149,신방화역환승주차장,서울특별시 강서구 마곡동 739 신방화역환승주차장,13
700,강서구,1150,송정역 1번출구,서울특별시 강서구 공항동 22-16 송정초등학교,10
701,강서구,1151,마곡역1번출구,서울특별시 강서구 마곡동 727-716,25
702,강서구,1152,마곡역교차로,서울특별시 강서구 마곡동 728-168,10
703,강서구,1153,발산역 2번출구,서울특별시 강서구 등촌동 673-1,10
704,강서구,1155,기쁜우리복지관,서울특별시 강서구 가양동 1458-15,10
705,강서구,1157,강서구청,서울특별시 강서구 화곡동 980-16 강서구청,8
706,강서구,1158,가양역 8번출구,서울특별시 강서구 가양동 14-61 가양역,20
707,강서구,1159,서서울모터리움앞,서울특별시 강서구 가양동 50-5 서서울모터리움,20
708,강서구,1160,양천향교역 7번출구앞,서울특별시 강서구 가양동 159-3 양천향교역,20
709,강서구,1161,강서면허시험장앞,서울특별시 강서구 외발산동 425 강서운전면허시험장만남의광장,10
710,강서구,1162,공항초등학교건너편,서울특별시 강서구 마곡동 743-5 서울공항초등학교,10
711,강서구,1163,방화동강서기동대앞,서울특별시 강서구 방화동 168-20 강서기동대,10
712,강서구,1165,마곡중학교 후문,서울특별시 강서구 마곡동 736-1 마곡중학교,20
713,강서구,1166,강서구립등빛도서관,서울특별시 강서구 등촌동 690-1 강서구립등빛도서관,10
714,강서구,1167,마곡수명산파크3단지 교차로,서울특별시 강서구 내발산동 750-6 발산신성프라자,15
715,강서구,1168,마곡엠밸리10단지 앞,서울특별시 강서구 마곡동 747 마곡엠밸리10단지,10
716,강서구,1169,염창역 1번 출구,서울특별시 강서구 염창동 282-24 흥도빌딩,8
717,강서구,1170,강서구보건소(삼성디지털 프라자),서울특별시 강서구 염창동 277-1 삼성전자프라자,11
718,강서구,1171,염창동 새마을금고 건너편(모닝글로리),서울특별시 강서구 염창동 264-10,8
719,강서구,1172,가양3동 주민센터,서울특별시 강서구 가양동 1488-1 가양3동주민센터,8
720,강서구,1173,강서구청사거리(SH타워),서울특별시 강서구 등촌동 656-54,15
721,강서구,1174,강서구청사거리(부민병원),서울특별시 강서구 등촌동 657-3 기도빌딩,9
722,강서구,1175,대한항공 인력개발센터,서울특별시 강서구 등촌동 653-25 등촌동KAL빌딩,15
723,강서구,1177,수명중?고교,서울특별시 강서구 내발산동 753,10
724,강서구,1178,개화산역 2번 출구,서울특별시 강서구 방화동 846 개화산역,10
725,강서구,1180,마곡엠밸리 15단지(1502동) 건너편,서울특별시 강서구 마곡동 751 마곡엠밸리15단지,15
726,강서구,1181,농산식품공사(강서지사),서울특별시 강서구 외발산동 427 강서농산물시장,10
727,강서구,1182,KBS 스포츠월드,서울특별시 강서구 화곡동 1093-76 KBS스포츠월드,20
728,강서구,1183,KC 대학교,서울특별시 강서구 화곡동 953-1 케이씨대학교,10
729,강서구,1184,마곡13단지,서울특별시 강서구 공항동 1343-1,15
730,강서구,1185,등촌9단지,서울특별시 강서구 등촌동 704 등촌9단지주공아파트,10
731,강서구,1186,송정중학교,서울특별시 강서구 공항동 1342,10
732,강서구,1187,강서수산물도매시장,서울특별시 강서구 외발산동 424 수협공판장,15
733,강서구,1188,롯데중앙연구소,서울특별시 강서구 마곡동 301-3,8
734,강서구,1190,마곡역 교차로(2번출구),서울특별시 강서구 마곡동 727-747,10
735,강서구,1191,마곡역 교차로(NH농협),서울특별시 강서구 마곡동 727-925,9
736,강서구,1192,마곡수명산파크 209동 건너편,서울특별시 강서구 내발산동 741-8,10
737,강서구,1193,마곡센트럴타워1차,서울특별시 강서구 마곡동 727-1136,15
738,강서구,1194,센서택㈜,서울특별시 강서구 마곡동 727-457,10
739,강서구,1195,코오롱 One&Only 타워,서울특별시 강서구 마곡동 727-525,20
740,강서구,1196,서울식물원(문화센터) 건너편,서울특별시 강서구 마곡동 727-286,15
741,강서구,1197,엘펠리체 호텔 건너편,서울특별시 강서구 마곡동 727-1187,20
742,강서구,1198,LG 사이언스피크,서울특별시 강서구 마곡동 727-925,20
743,강서구,1199,우장산역 3번출구,서울특별시 강서구 화곡동 1006-2 선왕주내과의원,13
744,강서구,1200,개화광역환승센터,서울특별시 강서구 개화동 492-22,10
745,송파구,1201,가락시장역 3번 출구,서울특별시 송파구 가락동 184-23 가락시장역,10
746,송파구,1203,밀리아나2빌딩 앞,서울특별시 송파구 가락동 79-5 밀리아나2차오피스텔,20
747,송파구,1204,거여역 3번출구,서울특별시 송파구 거여동 20-14 거여역,10
748,송파구,1205,종합운동장역 4번출구,서울특별시 송파구 잠실동 50,15
749,송파구,1206,9호선종합운동장역 9번출구,서울특별시 송파구 잠실동 122 종합운동장역,20
750,송파구,1207,마천CU우방점 앞,서울특별시 송파구 마천동 161-4,10
751,송파구,1208,풍납현대아파트쉼터,서울특별시 송파구 풍납동 251-2 토성현대아파트,20
752,송파구,1209,잠실나루역 (2번 출구 쪽),서울특별시 송파구 신천동 15 잠실나루역,20
753,송파구,1210,롯데월드타워(잠실역2번출구 쪽),서울특별시 송파구 신천동 7-28 현대타워아파트,30
754,송파구,1211,방이삼거리,서울특별시 송파구 송파동 58-1 잠실대우레이크월드,7
755,송파구,1212,송파역 2번 출구앞,서울특별시 송파구 가락동 459-4 송파역,10
756,송파구,1213,백토공원 앞,서울특별시 송파구 오금동 6 백토근린공원 경로당,20
757,송파구,1214,오금역 7번 출구 인근,서울특별시 송파구 오금동 44-2 오금역,10
758,송파구,1215,올림픽공원역 1번출구 앞,서울특별시 송파구 방이동 89-28 올림픽공원역,15
759,송파구,1217,송파파인타운 7단지,서울특별시 송파구 장지동 844 송파파인타운7단지,15
760,송파구,1218,방이역 4번출구,서울특별시 송파구 방이동 217-2 방이역,12
761,송파구,1220,잠실본동주민센터뒤 잠실근린공원,서울특별시 송파구 잠실동 230 잠전경로당,15
762,송파구,1221,삼전사거리 포스코더샵,서울특별시 송파구 잠실동 336-5 잠실포스코더샵,10
763,송파구,1222,잠실새내역 5번 출구 뒤,서울특별시 송파구 잠실동 196-11 파워개발(주) 잠실사옥,15
764,송파구,1224,아시아지하보도 2번 출구,서울특별시 송파구 잠실동 175-4 잠실월드메르디앙,15
765,송파구,1226,잠실4동 주민센터 옆,서울특별시 송파구 신천동 20-5 잠실4동주민센터,10
766,송파구,1227,거여역 8번출구 뒤,서울특별시 송파구 거여동 20-14 거여역,10
767,송파구,1228,마천사거리,서울특별시 송파구 거여동 133-12,10
768,송파구,1229,송파체육문화회관 앞,서울특별시 송파구 거여동 289 송파구체육문화회관,15
769,송파구,1230,송파중학교 정문,서울특별시 송파구 가락동 139 송파중학교,10
770,송파구,1231,잠실역 6번출구,서울특별시 송파구 잠실동 210-31,10
771,송파구,1232,롯데마트 주차장 옆,서울특별시 송파구 잠실동 210-39,10
772,송파구,1233,잠실3거리(갤러리아팰리스),서울특별시 송파구 잠실동 210-38,9
773,송파구,1235,잠실트리지움310동 옆,서울특별시 송파구 잠실동 35 트리지움,15
774,송파구,1239,문정 법조단지3,서울특별시 송파구 문정동 649 서울동부지방검찰청사,20
775,송파구,1240,문정 법조단지4,서울특별시 송파구 문정동 620 송파 푸르지오시티,10
776,송파구,1241,문정 법조단지5,서울특별시 송파구 문정동 620 송파 푸르지오시티,15
777,송파구,1242,문정 법조단지6,서울특별시 송파구 문정동 650 서울동부지방법원,15
778,송파구,1243,문정 법조단지7,서울특별시 송파구 문정동 650 서울동부지방법원,20
779,송파구,1244,문정 법조단지8,서울특별시 송파구 문정동 650 서울동부지방법원,7
780,송파구,1245,문정 법조단지9,서울특별시 송파구 문정동 650 서울동부지방법원,10
781,송파구,1246,문정 법조단지10,서울특별시 송파구 장지동 201-5 장지역,30
782,송파구,1247,문정 법조단지11,서울특별시 송파구 문정동 650 서울동부지방법원,15
783,송파구,1248,방이초등학교,서울특별시 송파구 방이동 182-2 대양코리아나타워,20
784,송파구,1249,아주중학교건너편,서울특별시 송파구 잠실동 305-21 한국농기계공업협동조합,10
785,송파구,1250,문정2동 주민센터,서울특별시 송파구 문정동 150-38 문정2동주민센터,10
786,송파구,1251,석촌역 2번출구,서울특별시 송파구 송파동 68 가로판매대,10
787,송파구,1253,오금역 3번 출구 뒤,서울특별시 송파구 가락동 10-15 경찰병원역,10
788,송파구,1256,문정현대아파트 교차로,서울특별시 송파구 문정동 3-2 구두수선대,8
789,송파구,1257,가락시장역 롯데마트앞,서울특별시 송파구 가락동 214-15 가로판매대,20
790,송파구,1258,가락미륭아파트 앞,서울특별시 서울 송파구 가락동 195-4,10
791,송파구,1259,방이역 1번출구,서울특별시 송파구 오금동 17-20,15
792,송파구,1260,방이동 한양3차아파트 옆,서울특별시 송파구 방이동 225-1,8
793,송파구,1262,송파여성문화회관 앞,서울특별시 송파구 송파동 2-3,10
794,송파구,1263,장지공영차고지,서울특별시 송파구 장지동 861-6,10
795,송파구,1264,천호역 10번 출구 앞,서울특별시 송파구 풍납동 490-16 가로판매대,8
796,송파구,1265,문정동 근린공원,서울특별시 송파구 문정동 38-3,10
797,송파구,1266,문정동 글샘 공원,서울특별시 송파구 문정동 627 가로분식점,10
798,송파구,1267,올림픽공원 남2문 앞,서울특별시 송파구 방이동 88 올림픽공원,15
799,송파구,1268,몽촌토성역 1번출구 옆,서울특별시 송파구 방이동 88-21 서울올림픽미술관,15
800,송파구,1269,리센츠아파트,서울특별시 송파구 잠실동 22 리센츠,10
801,송파구,1271,송파도서관,서울특별시 송파구 오금동 51 송파도서관,15
802,송파구,1274,영파여고 앞,서울특별시 송파구 풍납동 501 영파여자중·고등학교,20
803,송파구,1275,거여초등학교 옆,서울특별시 송파구 오금동 108 거여초등학교,15
804,송파구,1277,오금동 송파 참병원,서울특별시 송파구 오금동 126 송파참병원,8
805,송파구,1278,송파구청 교차로,서울특별시 송파구 방이동 22 대우유토피아오피스텔,10
806,송파구,1279,마천금호어울림 1차아파트 건너편,서울특별시 송파구 마천동 202-17,10
807,송파구,1280,송파파크데일 2단지입구 앞 주차장,서울특별시 송파구 마천동 602-1 경진빌딩,20
808,송파구,1282,송파소방서 맞은편(성내4교),서울특별시 송파구 마천동 29-1 송파소방서,10
809,송파구,1283,오금공원 사거리,서울특별시 송파구 오금동 51 오금근린공원,8
810,송파구,1285,위례별 유치원 뒤,서울특별시 송파구 장지동 894 위례아이파크,15
811,송파구,1286,위례중앙푸르지오 1단지 앞,서울특별시 송파구 장지동 897 위례중앙푸르지오1단지,10
812,송파구,1287,위례아이파크 101동 맞은편,서울특별시 송파구 장지동 900-1 솔가람유치원,8
813,송파구,1288,문정중교 사거리,서울특별시 송파구 문정동 115-8 해파빌딩,15
814,송파구,1289,풍납동 자전거보관소,서울특별시 송파구 풍납동 310 풍납 자전거대여소,10
815,송파구,1290,위례송파꿈에그린아파트24단지 앞 성벽 다리 밑,서울특별시 송파구 장지동 901 위례24단지,10
816,송파구,1291,서울체육고등학교 앞,서울특별시 송파구 방이동 88-14 서울체육중고등학교,10
817,송파구,1293,석촌호교차로(스타벅스 앞),서울특별시 송파구 삼전동 152,10
818,송파구,1295,잠실역 8번출구,서울특별시 송파구 신천동 7-4 잠실역8호선,20
819,송파구,1296,석촌호수교차로(송파나루근린공원 앞),서울특별시 송파구 잠실동 210-48,10
820,송파구,1297,석촌호수교차로(동호 팔각정 앞),서울특별시 송파구 잠실동 210-48,10
821,송파구,1299,송파소방서(방이119안전센터),서울특별시 송파구 잠실동 210-48,15
822,송파구,1300,오륜사거리,서울특별시 송파구 방이동 89-29,15
823,성북구,1302,한성대입구역6번출구 뒤,서울특별시 성북구 동소문동1가 16 농협 삼선교지점,5
824,성북구,1303,돈암초교 입구,서울특별시 성북구 동소문동6가 27-1 서울돈암초등학교,10
825,성북구,1304,만해공원,서울특별시 성북구 성북동 230-1,15
826,성북구,1305,성북구청,서울특별시 성북구 삼선동5가 411 성북구청,15
827,성북구,1306,한성대입구역2번출구,서울특별시 성북구 동소문동2가 1-1,10
828,성북구,1308,안암로터리 버스정류장 앞,서울특별시 성북구 안암동5가 134-42,18
829,성북구,1314,정릉꿈에그린1단지 201동 앞,서울특별시 성북구 정릉동 106-3 영신빌딩,8
830,성북구,1315,고려사대부속중고 정문,서울특별시 성북구 정릉동 966-1,10
831,성북구,1316,고려사대부속중고 건너편,서울특별시 성북구 정릉동 966-1,20
832,성북구,1318,길음역 3번출구 뒤,서울특별시 성북구 길음동 877-66 길음역,10
833,성북구,1319,종암사거리 분수대,서울특별시 성북구 종암동 124-129,10
834,성북구,1320,종암 농협지점 앞,서울특별시 성북구 종암동 15-27 종암2치안센터,10
835,성북구,1321,국민은행 종암동지점 앞,서울특별시 성북구 종암동 33-12 종암빌딩,14
836,성북구,1322,래미안라센트아파트 103동 앞,서울특별시 성북구 종암동 33-12 종암빌딩,10
837,성북구,1323,월곡역 입구 육교 밑,서울특별시 성북구 하월곡동 35-1 월곡역,10
838,성북구,1325,상월곡역 4번출구,서울특별시 성북구 상월곡동 97-21,10
839,성북구,1326,상월곡역 1번출구,서울특별시 성북구 상월곡동 26-1 상월곡역,10
840,성북구,1327,상월곡역 3번출구,서울특별시 성북구 상월곡동 26-1 상월곡역,10
841,성북구,1328,월곡역 3번출구,서울특별시 성북구 하월곡동 35-1 월곡역,10
842,성북구,1332,석계역 5번출구 건너편,서울특별시 노원구 월계동 25-2 석계역 6호선,10
843,성북구,1333,석관초등학교 앞,서울특별시 성북구 석관동 205 서울석관초등학교,15
844,성북구,1334,석관동주민센터 앞,서울특별시 성북구 석관동 384-3 석관동 주민센터,10
845,성북구,1336,성북3교 위,서울특별시 성북구 삼선동4가 349-1 돈암119 안전센터,20
846,성북구,1337,돈암성당 옆,서울특별시 성북구 동선동2가 1-2,10
847,성북구,1338,용문2교 옆,서울특별시 성북구 안암동2가 1-2,15
848,성북구,1339,삼성전자서비스 성북센터,서울특별시 성북구 하월곡동 81-437,9
849,성북구,1340,광운초등학교 앞,서울특별시 성북구 장위동 128,11
850,성북구,1342,성북쉼터 앞,서울특별시 성북구 성북동 113-79,15
851,성북구,1343,한성대7번출구 앞,서울특별시 성북구 동소문동1가 30 세화빌딩,10
852,성북구,1344,아리랑시네센터 앞,서울특별시 성북구 돈암동 538-98 아리랑시네센터및아리랑정보도서관,10
853,성북구,1346,길음8골어린이공원 옆,서울특별시 성북구 길음동 1285 길음7구역 두산위브아파트,15
854,성북구,1347,길음래미안아파트817동 상가 앞,서울특별시 성북구 길음동 1284 길음뉴타운,20
855,성북구,1348,성북제일새마을금고 본점 앞,"서울특별시 성북구 길음동 1283-4 길음뉴타운,래미안길음3차아파트 상가",12
856,성북구,1349,월계2교 버스정류장 앞,서울특별시 성북구 장위동 316-5 참누리아파트,10
857,성북구,1351,SK제삼주유소 앞,서울특별시 성북구 안암동4가 41-37,8
858,성북구,1352,e 편한세상 보문아파트 내,서울특별시 성북구 보문동3가 230 이편한세상보문,8
859,성북구,1353,금호어울림센터힐 내,서울특별시 성북구 돈암동 643 길음역금호어울림센터힐,8
860,성북구,1354,고려대학교 2번출구,서울특별시 성북구 종암동 29-18 고려대역,18
861,성북구,1355,보문2교,서울특별시 성북구 동선동2가 52,20
862,성북구,1357,북한산보국문역,서울특별시 성북구 정릉동 298-2,20
863,성북구,1358,정릉도서관 앞,서울특별시 성북구 정릉동 966-1,7
864,성북구,1359,장위뉴타운 꿈에 숲 코오롱 하늘채 앞,서울특별시 성북구 장위동 218-32 소산빌딩,20
865,성북구,1360,정릉역,서울특별시 성북구 정릉동 139-58,10
866,성북구,1361,홍익중고 입구,서울특별시 성북구 성북동 151 홍익대학교부속중고등학교,20
867,성북구,1362,보문역6번출구 앞,서울특별시 동대문구 신설동 81-111,10
868,성북구,1363,보문4교 인근,서울특별시 동대문구 신설동 81-111,15
869,성북구,1364,성북동 치안센터 앞,서울특별시 성북구 성북동1가 75 성북1 치안센터,10
870,성북구,1365,선잠단지 앞,서울특별시 성북구 성북동 68-4,15
871,성북구,1366,일신초등학교 옆,서울특별시 성북구 종암동 1-79 서울일신초등학교,10
872,성북구,1367,길음문화복합미디어센터,서울특별시 성북구 길음동 1286-8 길음1동 주민센터 별관,15
873,성북구,1368,성신여대입구 교차로,서울특별시 성북구 동선동3가 233,10
874,성북구,1369,미아사거리,서울특별시 성북구 길음동 15-3,15
875,성북구,1370,복자사랑 피정의 집,서울특별시 성북구 성북동 119-1,20
876,성북구,1372,KEB은행 고대점,서울특별시 성북구 안암동5가 43 인촌로 빌딩,15
877,성북구,1373,성북구보건소 건너편,서울특별시 성북구 하월곡동 46-1 성북구보건소,8
878,성북구,1375,생명의 전화 종합복지관 앞 교차로,서울특별시 성북구 하월곡동 96-1,20
1529,성북구,1376,한국과학기술연구원 정문,서울특별시 성북구 하월곡동 39-1,7
1530,성북구,1377,한국과학기술연구원 후문,서울특별시 성북구 하월곡동 39-1,10
879,중랑구,1401,극동늘푸른아파트,서울특별시 중랑구 묵동 379 극동늘푸른아파트,15
880,중랑구,1402,금란주차장 앞,서울특별시 중랑구 망우동 360-4 유진빌딩,10
881,중랑구,1403,중화빌딩 앞 (동부시장),서울특별시 중랑구 중화동 208-3,15
882,중랑구,1404,동일로 지하차도,서울특별시 중랑구 중화동 207-47 메디렌느산부인과,10
883,중랑구,1405,망우역 1번출구,서울특별시 중랑구 상봉동 172 망우역,10
884,중랑구,1406,망우청소년수련관,서울특별시 중랑구 망우동 241-2 망우청소년수련관,10
885,중랑구,1407,먹골역 1번출구 뒤,서울특별시 중랑구 묵동 189-4 가로판매대3,10
886,중랑구,1408,먹골역 6번출구 앞,서울특별시 중랑구 묵동 189-5 먹골역,10
887,중랑구,1410,면목 대원칸타빌아파트,서울특별시 중랑구 면목동 581 대원칸타빌아파트,10
888,중랑구,1411,상봉시장앞 교차로 한성빌딩 앞,서울특별시 중랑구 면목동 91-69 한성빌딩,10
889,중랑구,1412,면목초등학교,서울특별시 중랑구 면목동 221 면목초등학교,10
890,중랑구,1413,봉화산역 5번출구 뒤,서울특별시 중랑구 신내동 643-1 봉화산역,10
891,중랑구,1414,사가정역 1번출구,서울특별시 중랑구 면목동 495 사가정역,10
892,중랑구,1416,상봉역 3번출구,서울특별시 중랑구 상봉동 102-73,10
893,중랑구,1418,새솔초등학교,서울특별시 중랑구 신내동 241 서울새솔초등학교,15
894,중랑구,1420,신내어울공원 앞,서울특별시 중랑구 신내동 315-3,15
895,중랑구,1421,신내역 4번출구,서울특별시 중랑구 신내동 643-1 봉화산역,20
896,중랑구,1422,신내우디안아파트 1단지,서울특별시 중랑구 신내동 255-1 신내우디안프라자,10
897,중랑구,1424,양원역 2번출구,서울특별시 중랑구 망우동 269-5 양원역사,10
898,중랑구,1425,용마문화복지센터,서울특별시 중랑구 면목동 1527 면목동신성미소지움아파트,10
899,중랑구,1426,면목도시개발아파트 1동 앞,서울특별시 중랑구 면목동 1316-5 용마산역,15
900,중랑구,1427,용마산역 1번출구,서울특별시 중랑구 면목동 1316-5 용마산역,10
901,중랑구,1428,원묵고등학교,서울특별시 중랑구 묵동 23-4 묵동 다목적체육관,10
902,중랑구,1429,장안중학교,서울특별시 중랑구 중화동 288-27 차돌체육관,15
903,중랑구,1430,중랑구청,서울특별시 중랑구 신내동 662 중랑구청,20
904,중랑구,1431,중랑구청 사거리,서울특별시 중랑구 신내동 666 신아타운,10
905,중랑구,1433,중화역 2번출구,서울특별시 중랑구 중화동 50-3 중화역,10
906,중랑구,1434,홈플러스 면목동점,서울특별시 중랑구 면목동 168-2 홈플러스,15
907,중랑구,1435,능산삼거리,서울특별시 중랑구 신내동 387-9,15
908,중랑구,1436,영풍마드레빌,서울특별시 중랑구 신내동 801 영풍마드레빌,15
909,중랑구,1437,늘푸른공원 앞,서울특별시 중랑구 면목동 172-92,15
910,중랑구,1438,홈플러스 신내점 앞,서울특별시 중랑구 신내동 643-1 봉화산역,15
911,중랑구,1440,하나은행 면목지점,서울특별시 중랑구 면목동 151-2 하나은행 면목동지점,10
912,중랑구,1441,신내능말공원,서울특별시 중랑구 신내동 19 신내차량기지사업소,15
913,중랑구,1442,(구)신한은행 중랑교지점,서울특별시 중랑구 중화동 50-8,8
914,중랑구,1443,구립망우청소년독서실,서울특별시 중랑구 망우동 534-23,10
915,중랑구,1444,면목4치안센터,서울특별시 중랑구 면목동 646-4 구두수선대20,10
916,중랑구,1445,용마지구대,서울특별시 중랑구 면목동 197-5,10
917,중랑구,1446,중랑전화국 교차로,서울특별시 중랑구 면목동 282-8,10
918,중랑구,1447,면목역 3번출구,서울특별시 중랑구 면목동 120-2,15
919,중랑구,1448,코스트코 상봉점,서울특별시 중랑구 상봉동 160-3,15
920,중랑구,1449,상봉역 1번출구,서울특별시 중랑구 상봉동 100-9 상봉역,15
921,중랑구,1450,화랑대역 7번출구,서울특별시 노원구 공릉동 285-2 화랑대역 6호선,10
922,중랑구,1451,중랑세무서,서울특별시 중랑구 상봉동 137-1 청와빌딩,10
923,중랑구,1452,겸재교 진입부,서울특별시 중랑구 목동 189-7,15
924,중랑구,1453,중랑캠핑숲,서울특별시 중랑구 망우동 56 양원 청소년 독서실,9
925,중랑구,1454,한국전력공사(동대문 중랑지사),서울특별시 중랑구 묵동 181-4 한국전력 동대문중랑지사,10
926,중랑구,1455,상봉역 2번 출구,서울특별시 중랑구 상봉동 100-9 상봉역,10
927,중랑구,1456,상아빌딩(우림시장 교차로),서울특별시 중랑구 망우동 410-1 상아빌딩,10
928,중랑구,1457,동원사거리,서울특별시 중랑구 면목동 74-6 농협,10
929,중랑구,1458,상봉터미널2,서울특별시 중랑구 망우동 534-58,9
930,중랑구,1459,용마한신아파트사거리,서울특별시 중랑구 면목동 1086-79,10
931,강북구,1501,"미아역 3번,4번 출구 사이",서울특별시 강북구 미아동 121-19 예원메디컬빌딩,9
932,강북구,1503,이디야 커피 수유역점 앞,서울특별시 강북구 수유동 191-2,12
933,강북구,1504,다이소 삼양시장점,서울특별시 강북구 미아동 760-126 대건빌딩,10
934,강북구,1506,강북문화예술회관,서울특별시 강북구 수유동 360-10 강북문화예술회관,20
935,강북구,1509,서울북부수도사업소,서울특별시 강북구 번동 365-1 북부수도사업소,10
936,강북구,1510,번동주공5단지 관리사무소 앞,서울특별시 강북구 번동 148-230 드림파크빌,10
937,강북구,1511,번동 금호어울림아파트102동앞,서울특별시 강북구 번동 656 번동금호어울림,9
938,강북구,1512,강북중학교 앞,서울특별시 강북구 수유동 694 강북중학교,20
939,강북구,1513,강북구청 뒷편,서울특별시 강북구 수유동 192-59 강북구청,20
940,강북구,1514,강북구청 사거리 버스정류소 앞,서울특별시 강북구 번동 417-40,10
941,강북구,1515,송천동 주민센터,서울특별시 강북구 미아동 860-56 송천동 주민센터,10
942,강북구,1516,우이초등학교 후문 옆,서울특별시 강북구 수유동 394-11 우이교회 사회교육관,10
943,강북구,1518,SK telecom(수유직영점) 앞,서울특별시 강북구 수유동 340-12,10
944,강북구,1519,세븐일레븐 수유장미원점 앞,서울특별시 강북구 수유동 322-22 경모빌딩,10
945,강북구,1520,성실교회,서울특별시 강북구 수유동 221-49 성실교회,10
946,강북구,1522,월드전기조명인테리어(우이동),서울특별시 도봉구 쌍문동 503-8,10
947,강북구,1525,미아동 복합청사,"서울특별시 강북구 미아동 197-1 미아동 복합청사, 미아문화정보도서관",10
948,강북구,1526,수유동 채선당앞,서울특별시 강북구 수유동 1-135 엘루체,8
949,강북구,1527,미아역 1번 출구 뒤,서울특별시 강북구 미아동 194-1 구두수선대-02,10
950,강북구,1528,삼각산동 주민센터,서울특별시 강북구 미아동 813-8,10
951,강북구,1529,미아동 한국전력공사,서울특별시 강북구 미아동 194-1 구두수선대-02,15
952,강북구,1530,광산사거리,서울특별시 강북구 수유동 231-1 광산빌딩,10
953,강북구,1531,미아사거리 1번 출구,서울특별시 강북구 미아동 66-1 가로판매대-03,10
954,강북구,1532,번3동 주민센터 교차로,서울특별시 강북구 번동 2-2,10
955,강북구,1533,"번동 주공3, 4단지 교차로",서울특별시 강북구 번동 148-254,10
956,강북구,1534,북서울 꿈의 숲 동문,서울특별시 강북구 번동 105-1 꿈의숲 요양병원,20
957,강북구,1535,효성인텔리안 앞,서울특별시 강북구 수유동 230-7 효성 인텔리안 오피스텔,10
958,강북구,1536,번동 두산위브 101동 옆,서울특별시 강북구 번동 386-17,20
959,강북구,1537,북한산 우이역,서울특별시 강북구 우이동 5-5 두온리치밸리아파트,10
960,강북구,1538,솔밭공원역,서울특별시 강북구 우이동 57-18 솔밭공원역,8
961,강북구,1539,4.19민주묘지역,서울특별시 강북구 우이동 72-182 4.19민주묘지역,10
962,강북구,1540,가오리역,서울특별시 강북구 수유동 371-1 가오리역,10
963,강북구,1541,삼양역,서울특별시 강북구 미아동 791-961,10
964,강북구,1542,삼양사거리역,서울특별시 강북구 미아동 791-2244 삼양사거리역,10
965,강북구,1543,수유1동 주민센터,"서울특별시 강북구 수유동 605-412 수유1동 주민센터,수유문화정보도서관",10
966,강북구,1545,솔샘역2번출구,서울특별시 강북구 미아동 837-687 미양초등학교,10
967,강북구,1546,송천동우체국,서울특별시 강북구 미아동 861-1 가로판매대-07,10
968,강북구,1547,꿈의숲 롯데캐슬,서울특별시 강북구 미아동 1-46,15
969,강북구,1548,북서울 꿈의숲 서문,서울특별시 강북구 번동 123-1 양주조씨회관,15
970,노원구,1601,석계역 문화광장 내 자전거 보관소,서울특별시 노원구 월계동 47-45,20
971,노원구,1602,광운대역 앞,서울특별시 노원구 월계동 85 광운대역,15
972,노원구,1603,롯데캐슬 102동 코너(월계주유소건너),서울특별시 노원구 월계동 935-2 월계주유소,10
973,노원구,1605,헬스케어,서울특별시 노원구 월계동 321-4 노원보건지소,10
974,노원구,1606,태릉입구역 3번출구,서울특별시 노원구 공릉동 616-4 태릉입구역,10
975,노원구,1608,공릉역 1번 출구 앞,서울특별시 노원구 공릉동 385-4 공릉역,10
976,노원구,1610,화랑대역 2번출구 앞,서울특별시 노원구 공릉동 285-2 화랑대역 6호선,20
977,노원구,1611,과기대 입구(우),서울특별시 노원구 공릉동 172 서울과학기술대학교,20
978,노원구,1616,하계2동 공항버스정류장 옆,서울특별시 노원구 하계동 273-5 하계역,10
979,노원구,1617,하계동 중평어린이공원 앞,서울특별시 노원구 하계동 271 중평초등학교,20
980,노원구,1619,중계동 하나프라자빌딩 앞(중1-1),서울특별시 노원구 중계동 360-11 하나프라자빌딩,10
981,노원구,1620,중계동 노원구민체육센터 옆(중1-2),서울특별시 노원구 중계동 360-18 노원구민체육센타,10
982,노원구,1623,노원 구민회관,서울특별시 노원구 중계동 507-3 노원구민회관,20
983,노원구,1625,상계역(4번출구),서울특별시 노원구 상계동 156-203 상계역,20
984,노원구,1627,수락산역 4번출구,서울특별시 노원구 상계동 1132-9 수락산역,12
985,노원구,1628,노일초등학교 앞,서울특별시 노원구 상계동 1119-24,10
986,노원구,1630,수연빌딩 앞,서울특별시 노원구 상계동 1132-9 수락산역,10
987,노원구,1634,당고개공원 대여소,서울특별시 노원구 상계동 113-1,15
988,노원구,1635,상계3.4동 주민센터 대여소,서울특별시 노원구 상계동 5-16,11
989,노원구,1636,백병원 사거리 농협은행 앞,서울특별시 노원구 상계동 746-7 농협 중계동지점,10
990,노원구,1637,KT 노원점 건물 앞,서울특별시 노원구 상계동 716-1 IBK기업은행,15
991,노원구,1639,희성오피앙,서울특별시 노원구 상계동 1258 희성오피앙,10
992,노원구,1640,한내근린공원 북측,서울특별시 노원구 월계동 1-1,10
993,노원구,1641,한내근린공원 남측,서울특별시 노원구 월계동 1-1,15
994,노원구,1642,서울여대 남문,서울특별시 노원구 공릉동 113 밀레니엄타워,7
995,노원구,1643,태릉입구역 8번출구,서울특별시 노원구 공릉동 687-6,10
996,노원구,1646,삼육대 입구,서울특별시 노원구 공릉동 26-106 삼육대학교,20
997,노원구,1650,중계근린공원내,서울특별시 노원구 중계동 506-3 가로판매대,20
998,노원구,1651,맥도날드 상계점 앞,서울특별시 노원구 상계동 1118-9 구두수선대,20
999,노원구,1652,파르코 앞,서울특별시 노원구 상계동 1263 가로판매대,10
1000,노원구,1653,노원역1번출구,서울특별시 노원구 상계동 335-4 가로판매대,10
1001,노원구,1654,당고개입구 오거리,서울특별시 노원구 상계동 172-2,15
1002,노원구,1655,공릉1단지아파트,서울특별시 노원구 공릉동 708 공릉1단지아파트,15
1003,노원구,1656,중앙하이츠 아파트 입구,서울특별시 노원구 상계동 1282 상계2차중앙하이츠아파트,10
1004,노원구,1657,노원구청,서울특별시 노원구 상계동 701-1 노원구청,20
1005,노원구,1659,중계동 을지중학교,서울특별시 노원구 중계동 370 가로판매대,10
1006,노원구,1660,서울시립과학관,서울특별시 노원구 하계동 산16-38 혜성여자고등학교,8
1007,노원구,1661,당현천근린공원,서울특별시 노원구 상계동 761-1 상계백병원,10
1008,노원구,1662,노원역7번출구,서울특별시 노원구 상계동 712-1 교보빌딩,15
1009,노원구,1663,동해문화예술관앞,서울특별시 노원구 공릉동 680-3 현대자동차,20
1010,노원구,1664,노해근린공원내,서울특별시 노원구 중계동 360-18 노원구민체육센타,10
1011,노원구,1665,양지근린공원앞,서울특별시 노원구 중계동 360-14 이진빌딩,10
1012,노원구,1666,노원소방서인근,서울특별시 노원구 상계동 197-9 상계119안전센터,10
1013,노원구,1667,중계중학교,서울특별시 노원구 중계동 358-3 중계중학교,10
1014,노원구,1668,중계역 6번출구,서울특별시 노원구 중계동 503-3 중계역,10
1015,노원구,1669,중계역 3번출구,서울특별시 노원구 중계동 503-3 중계역,9
1016,노원구,1670,노원경찰서교차로,서울특별시 노원구 하계동 250 서울노원경찰서,15
1017,노원구,1671,인덕대학교,"서울특별시 노원구 월계동 648 인덕대학교,인덕과학기술고등학교",15
1018,노원구,1672,상계동수락리버시티,서울특별시 노원구 상계동 1313 수락리버시티4단지,15
1019,노원구,1673,노원역5번출구,서울특별시 노원구 상계동 727-2 신한은행,16
1020,노원구,1674,서울북부고용센터앞,서울특별시 노원구 상계동 734-2 해청빌딩,15
1021,노원구,1675,월계문화체육센터,서울특별시 노원구 월계동 541-1 삼화상운주식회사,14
1022,노원구,1677,육군사관학교  앞,서울특별시 노원구 공릉동 101-1 육사 위병소,10
1023,노원구,1678,성서대학교 밀알관,서울특별시 노원구 상계동 205-4 한국성서대학교,15
1024,노원구,1679,삼육대 도서관,서울특별시 노원구 공릉동 26-106 삼육대학교,15
1025,노원구,1680,삼육대 제3과학관,서울특별시 노원구 공릉동 26 태능국제종합사격장,10
1026,노원구,1681,현대6차 아파트,서울특별시 노원구 중계동 34-5 현대6차아파트,12
1027,노원구,1682,중계종합사회복지관 교차로,서울특별시 노원구 중계동 358 주공3단지아파트,13
1028,노원구,1683,노원문화예술회관,서울특별시 노원구 중계동 391-1,10
1029,노원구,1684,태릉입구역 5번출구,서울특별시 노원구 공릉등 670-20,20
1030,노원구,1685,불암고등학교 앞 횡단보도,서울특별시 노원구 중계동 364-10 불암고등학교,8
1031,노원구,1686,온수골사거리(스타벅스앞),서울특별시 노원구 상계동 656 상계주공11단지아파트,10
1032,노원구,1688,마들역 7번출구,서울특별시 노원구 상계동 650 마들역,9
1033,노원구,1689,마들역 3번출구,서울특별시 노원구 상계동 111-405 한우리타운,10
1034,노원구,1690,도봉운전면허시험장,서울특별시 노원구 상계동 694-1 가로판매대,10
1035,노원구,1691,노원정보도서관,서울특별시 노원구 상계동 433-4,10
1036,노원구,1692,온곡초교 교차로,서울특별시 노원구 상계동 456-23,10
1528,노원구,1693,원자력 병원,서울특별시 노원구 공릉동 215-4 한국원자력의학원,15
1037,도봉구,1702,녹천역 1번출구 앞,서울특별시 도봉구 창동 57-11 경원선녹천북부역사,10
1038,도봉구,1703,도봉산광역환승센터앞,서울특별시 도봉구 도봉동 288-19 도봉산역 광역환승센타,15
1039,도봉구,1705,도봉구청 정문앞,서울특별시 도봉구 방학동 720 도봉구청,8
1040,도봉구,1706,기업은행 앞,서울특별시 도봉구 방학동 703-14,10
1041,도봉구,1707,도봉구민회관,서울특별시 도봉구 창동 303 도봉구민회관,15
1042,도봉구,1708,보건소사거리(다비치안경창동점),서울특별시 도봉구 창동 731-60 M&W빌딩,8
1043,도봉구,1709,쌍문역4번출구 주변,서울특별시 도봉구 창동 703-4 쌍문역,15
1044,도봉구,1713,쌍문동 청소년 랜드,서울특별시 도봉구 쌍문동 381-4 쌍문동 청소년랜드,10
1045,도봉구,1714,도봉문화정보도서관 삼거리,서울특별시 도봉구 창동 418 도봉문화정보도서관,10
1046,도봉구,1715,서울특별시교육청도봉도서관,서울특별시 도봉구 쌍문동 422-163 도봉도서관,20
1047,도봉구,1716,하나로마트 창동점,서울특별시 도봉구 창동 1-10 농협창동유통센타,10
1048,도봉구,1717,시립창동운동장 입구,서울특별시 도봉구 창동 1-24,15
1049,도봉구,1719,신도봉사거리 버스정류장,서울특별시 도봉구 도봉동 616-15,10
1050,도봉구,1720,도봉구청 옆(중랑천변),서울특별시 도봉구 방학동 720 도봉구청,20
1051,도봉구,1721,창동역 2번출구,서울특별시 도봉구 창동 74-2,12
1052,도봉구,1722,창동청소년수련관,서울특별시 도봉구 창동 1-6 창동운동장 및 문화체육센터,15
1053,도봉구,1723,방학동학마을도서관,서울특별시 도봉구 방학동 446-5 도봉구 평생학습관,10
1054,도봉구,1725,창1동주민센터,서울특별시 도봉구 창동 286-10,10
1055,도봉구,1726,삼익세라믹아파트교차로,서울특별시 도봉구 쌍문동 56 삼익세라믹아파트,8
1056,도봉구,1727,서울도봉초등학교인근,서울특별시 도봉구 도봉동 429-1 도봉초등학교,15
1057,도봉구,1728,서울북부지방법원,서울특별시 도봉구 도봉동 626-154,15
1058,도봉구,1729,파리바케트앞,서울특별시 도봉구 도봉동 637-103 구두수선대,10
1059,도봉구,1730,도봉산역교차로 앞,서울특별시 도봉구 도봉동 637-2 가로판매대,10
1060,도봉구,1731,도봉고등학교 맞은편,서울특별시 도봉구 도봉동 282-275,15
1061,도봉구,1732,우리은행 앞,서울특별시 도봉구 방학동726-40,10
1062,도봉구,1733,방학사거리(봄마당 앞),서울특별시 도봉구 방학동 726-149,12
1063,도봉구,1734,쌍문현대1차아파트 108동 앞,서울특별시 도봉구 쌍문동 59-1,10
1064,도봉구,1735,"도봉역 1,2번 출구사이 건너편",서울특별시 도봉구 도봉동 637-107 가로판매대,13
1065,도봉구,1736,버스정류장 앞,서울특별시 도봉구 창동 703-2,12
1066,도봉구,1737,하나은행 (창동점),서울특별시 도봉구 창동 703-18 구두수선대,8
1067,도봉구,1738,창동주공17단지 상가앞,서울특별시 도봉구 창동 35-1 구두수선대,10
1068,도봉구,1741,제일강산수산입구,서울특별시 도봉구 창동 703-9,15
1069,도봉구,1742,북한산 코오롱 하늘채,서울특별시 도봉구 쌍문동 416-13,10
1070,금천구,1804,독산역 2번출구 자전거주차장,서울특별시 금천구 가산동 717 독산역,10
1071,금천구,1805,서울디지털운동장 앞,서울특별시 금천구 가산동 459-18 서울디지털산업단지운동장,10
1072,금천구,1806,에이스하이엔드타워9차 앞,서울특별시 금천구 가산동 481-2 에이스하이엔드타워9차,10
1073,금천구,1808,에이스하이엔드타워8차 앞,서울특별시 금천구 가산동 345-4 에이스하이엔드타워8차,20
1074,금천구,1809,LG전자 별관동(호서대 벤처타워 맞은편),서울특별시 금천구 가산동 319-15 LG전자 가산 R&D 캠퍼스 별관동,10
1075,금천구,1812,갑을그레이트밸리 앞,서울특별시 금천구 가산동 60-5 갑을그레이트밸리,10
1076,금천구,1814,두산위브아파트 옆 상가건물 앞,서울특별시 금천구 가산동 769 두산위브아파트,8
1077,금천구,1816,금천폭포공원 앞,서울특별시 금천구 시흥동 937-2 금천문화원,20
1078,금천구,1819,금천구청 앞 자전거거치대,서울특별시 금천구 시흥동 1020 금천구청종합청사,10
1079,금천구,1820,신한은행 시흥대로금융센터지점,서울특별시 금천구 독산동 983-16 신한은행독산동점,10
1080,금천구,1821,홈플러스 시흥점 맞은편 다비치안경 앞,서울특별시 금천구 시흥동 890-10 전첨빌딩,10
1081,금천구,1822,서울 시흥동우체국 앞,서울특별시 금천구 시흥동 993-2,10
1082,금천구,1823,상신정비공업 앞,서울특별시 금천구 시흥동 113-16,20
1083,금천구,1824,독산근린공원 입구,서울특별시 금천구 가산동 717 독산역,15
1084,금천구,1825,한신아파트 앞 육교 아래,서울특별시 금천구 독산동 1097 성민성결교회,10
1085,금천구,1826,한신코아 앞,서울특별시 금천구 독산동 1093-4 한신아파트,20
1086,금천구,1827,독산보도육교 앞 자전거 보관소,서울특별시 금천구 독산동 724-12,20
1087,금천구,1828,한양수자인아파트 앞,서울특별시 금천구 독산동 1144 한양수자인아파트,10
1088,금천구,1829,홈플러스 금천점 앞,서울특별시 금천구 독산동 291-7 홈플러스 금천점,10
1089,금천구,1830,빅마켓 금천점 앞,서울특별시 금천구 독산동 295-10 롯데VIC마켓금천점,15
1090,금천구,1831,메이퀸웨딩컨벤션 앞,서울특별시 금천구 독산동 152-3,10
1091,금천구,1833,독산역 1번출구 앞 자전거보관소,서울특별시 금천구 가산동 717 독산역,10
1092,금천구,1834,월드메르디앙 벤처센터 2차,서울특별시 금천구 가산동 426-5 월드메르디앙2차,15
1093,금천구,1835,STX V타워,서울특별시 금천구 가산동 371-37 에스티엑스브이타워,10
1094,금천구,1836,금천구립 독산도서관,서울특별시 금천구 독산동 375-2 금천구립독산도서관,7
1095,금천구,1839,수출의 다리 아래,서울특별시 금천구 가산동 60-35,20
1096,금천구,1840,솔브레인이엔지 뒤편,서울특별시 금천구 가산동 219-18,20
1097,금천구,1841,가산동 주민센터,서울특별시 금천구 가산동 144-3 가산동주민센터,10
1098,금천구,1842,한울중학교,서울특별시 금천구 시흥동 1000-3,15
1099,금천구,1843,독산고등학교,서울특별시 금천구 독산동 906-42,10
1100,금천구,1845,롯데캐슬골드파크1차 서문,서울특별시 금천구 독산동 1147 금천롯데캐슬골드파크1차아파트,15
1101,금천구,1846,롯데캐슬골드파크1차 동문,서울특별시 금천구 독산동 441-19 ,15
1102,금천구,1847,독산주공 14단지 버스정류소,서울특별시 금천구 독산동 안양천교,10
1103,금천구,1848,벽산 디지털밸리 5차,서울특별시 금천구 가산동 60-73 벽산디지털밸리5차,10
1104,금천구,1849,대륭포스트타워5차,서울특별시 금천구 가산동 60-3 대륭포스트타워 5차,10
1105,금천구,1850,코오롱테크노밸리,서울특별시 금천구 가산동 60-4 코오롱테크노밸리,10
1106,금천구,1851,가산디지털단지 7번출구,서울특별시 금천구 가산동 468-4 가산디지털단지역,10
1107,금천구,1852,혜명양로원 담장 옆,서울특별시 금천구 시흥동 241-7,10
1108,금천구,1853,서울디자인직업전문학교 앞,서울특별시 금천구 독산동 151-7 서울디자인직업전문학교,10
1109,금천구,1854,가산아네스트 오피스텔 앞,서울특별시 금천구 독산동 143-1,10
1110,금천구,1855,성지아파트 옆 도로변,서울특별시 금천구 시흥동 산173-8 성지아파트,10
1111,금천구,1856,모두의학교,서울특별시 금천구 독산동 897-2 모두의 학교,10
1112,금천구,1857,주공14단지,서울특별시 금천구 독산동 1088 주공14단지아파트,15
1113,금천구,1858,석수역1번출구 앞 (SK주유소),서울특별시 금천구 시흥동 1001-34,10
1523,금천구,1859,대륭테크노타운 18차,서울특별시 금천구 가산동 668,20
1114,구로구,1901,신도림동주민센터 앞,서울특별시 구로구 신도림동 390-68 신도림동주민센터,10
1115,구로구,1904,도림천역 1번 출구 앞,서울특별시 구로구 신도림동 323-16 도림천역,10
1116,구로구,1906,신도림역 1번 출구 앞,서울특별시 구로구 신도림동 460-26 1호선 신도림역,20
1117,구로구,1907,구일우성(아) 육교 밑,서울특별시 구로구 구로동 685-456 남부타운,12
1118,구로구,1908,해원리바파크 육교 밑,서울특별시 구로구 구로동 642-108 해원리버파크,10
1119,구로구,1910,낙원교회 맞은편,서울특별시 구로구 구로동 486-18 낙원교회,5
1120,구로구,1911,구로디지털단지역 앞,서울특별시 구로구 구로동 1119 헌혈의집,10
1121,구로구,1912,한신휴아파트 앞,서울특별시 구로구 구로동 1280 한신휴플러스아파트,10
1122,구로구,1913,구로리공원,서울특별시 구로구 구로동 139-82 구로리공원,10
1123,구로구,1914,대림역4번출구,서울특별시 구로구 구로동 1204 대림역,10
1124,구로구,1916,구로중학교앞,서울특별시 구로구 구로동 90 구로중학교,10
1125,구로구,1920,서울미래초등학교 사거리,서울특별시 구로구 구로동 3-13 미래초등학교,10
1126,구로구,1924,삼부르네상스파크빌,서울특별시 구로구 가리봉동 139 효성아파트,10
1127,구로구,1925,동양미래대학교 정문 옆,서울특별시 구로구 고척동 62-160 동양미래대학교,20
1128,구로구,1928,고척스카이돔구장 광장,서울특별시 구로구 고척동 63-6 고척스카이돔,10
1129,구로구,1929,고척근린공원 고척도서관 앞,서울특별시 구로구 고척동 산9-14 고척시립도서관,10
1130,구로구,1930,개봉지구대 개봉치안센터,서울특별시 구로구 개봉동 142-32 개봉치안센터,7
1131,구로구,1931,개봉역(북측광장),서울특별시 구로구 개봉동 415 개봉역,10
1132,구로구,1933,개봉푸르지오아파트 상가,서울특별시 구로구 개봉동 492 개봉푸르지오,10
1133,구로구,1936,개봉역 1번 출구 자전거보관서쪽,서울특별시 구로구 개봉동 415 개봉역,10
1134,구로구,1937,한진아파트 입구,서울특별시 구로구 개봉동 478 개봉한진아파트,15
1135,구로구,1941,오류동역 2번출구,서울특별시 구로구 오류동 135-80,10
1136,구로구,1943,온수역 북측,서울특별시 구로구 온수동 119 7호선 온수역,10
1137,구로구,1946,구로역 광장,서울특별시 구로구 구로동 585-3 구로역,10
1138,구로구,1951,천왕이펜하우스 4단지 상가 앞,서울특별시 구로구 천왕동 275 천왕이펜하우스6단지,20
1139,구로구,1952,천왕연지타운2단지 앞,서울특별시 구로구 천왕동 7-1 천왕연지타운2단지,15
1140,구로구,1953,천왕역 4번출구 뒤,서울특별시 구로구 천왕동 14-43 천왕역,20
1141,구로구,1955,디지털입구 교차로,서울특별시 구로구 구로동 1126-1 광희빌딩,10
1142,구로구,1956,도야미리숯불갈비 앞,서울특별시 구로구 신도림동 306-13,10
1143,구로구,1957,구일고등학교 정문,서울특별시 구로구 구로동 685-194 구일고등학교,15
1144,구로구,1958,강서수도사업소민원센터,"서울특별시 구로구 구로동 98-5 강서,남부 수도사업소 민원센터",10
1145,구로구,1959,구로구의회 앞,서울특별시 구로구 구로동 101 구로구의회,10
1146,구로구,1960,화광신문사 앞,서울특별시 구로구 구로동 23-2 화광신문사,10
1147,구로구,1961,신도림테크노근린공원,서울특별시 구로구 구로동 1-4,15
1148,구로구,1962,가리봉동주민센터,서울특별시 구로구 구로동 235-2 에이스하이엔드타워1차,15
1149,구로구,1964,원메디타운 앞,서울특별시 구로구 고척동 76-38 원메디타운,10
1150,구로구,1965,삼환로즈빌아파트 105동 옆,서울특별시 구로구 고척동 336 삼환로즈빌,15
1151,구로구,1966,한마을아파트 정문상가,서울특별시 구로구 개봉동 476 한마을아파트,10
1152,구로구,1967,참새공원(백곡경노당),서울특별시 구로구 개봉동 444-6 백곡경로당,10
1153,구로구,1968,동인오피스텔 건너편 소공원,서울특별시 구로구 개봉동 73-35,12
1154,구로구,1969,궁동생태공원,서울특별시 구로구 궁동 40-1 궁동어린이도서관,10
1155,구로구,1971,오정초교 앞 보도육교,서울특별시 구로구 오류동 108-28 서울오정초등학교,10
1156,구로구,1973,오리로와 서해안도로 교차로 앞,서울특별시 구로구 오류동 218-3,10
1157,구로구,1974,신도림2차e편한세상아파트 203동 앞,"서울특별시 구로구 신도림동 642 신도림대림1,2차아파트",10
1158,구로구,1975,대림역 1번 출입구 밑,서울특별시 구로구 구로동 1204 대림역,10
1159,구로구,1976,남구로역 5번 출입구 앞,서울특별시 구로구 구로동 801-95 남구로역,10
1160,구로구,1977,천왕역 1번 출입구 앞,서울특별시 구로구 천왕동 14-43 천왕역,15
1161,구로구,1979,구로1동우체국 앞,서울특별시 구로구 구로동 685-220 구로1동 우체국,10
1162,구로구,1981,천왕이펜하우스5단지 앞,서울특별시 구로구 천왕동 277 천왕 이펜하우스 5단지,10
1163,구로구,1983,구로동롯데아파트,서울특별시 구로구 구로동 1263 신도림롯데아파트,10
1164,구로구,1984,구로구청,서울특별시 구로구 구로동 435 구로구청,10
1165,구로구,1985,구로도서관,서울특별시 구로구 구로동 106-1 시립구로도서관,20
1166,구로구,1986,태평양물산빌딩,서울특별시 구로구 구로동 197-21 태평양물산,15
1167,구로구,1987,개봉아이파트아파트 앞,서울특별시 구로구 개봉동 489-1,15
1168,구로구,1988,고척LIGA아파트 앞,서울특별시 구로구 고척동 185-10,20
1169,구로구,1991,오류동역 맞은편,서울특별시 구로구 오류동 6-2 구두수선대,10
1170,구로구,1992,구로구배드민턴실내체육관 앞,서울특별시 구로구 오류동 326-1,19
1171,구로구,1993,금강수목원아파트 앞,서울특별시 구로구 오류동 255-5,10
1172,구로구,1994,삼성전자 물류센터 앞,서울특별시 구로구 구로동 651-2,10
1173,구로구,1996,구일역 1번 출입구 앞,서울특별시 구로구 구로동 642-77,20
1174,구로구,1998,고척교 교차로,서울특별시 구로구 구로동 621-12,8
1521,구로구,1999,수궁동 성당 주변,서울특별시 구로구 궁동 252-17,15
1522,구로구,2000,신도림4차 e편한세상 아파트 1109동 앞,서울특별시 구로구 신도림동 312-16,15
1175,동작구,2002,노들역 1번출구,서울특별시 동작구 본동 475-1 9호선 노들역,20
1176,동작구,2003,사육신공원앞,서울특별시 동작구 노량진동 152-3 사육신묘지공원,10
1177,동작구,2007,유한양행앞,서울특별시 동작구 대방동 49-6 유한양행,20
1178,동작구,2008,노량진근린공원 대방공원,서울특별시 동작구 대방동 350-8 대방동 주민센터,10
1179,동작구,2009,보라매역 8번출구,서울특별시 동작구 대방동 466-51 7호선 보라매역,10
1180,동작구,2012,녹십초요양병원앞,서울특별시 동작구 신대방동 686-1 녹십초 B.D,10
1181,동작구,2013,장승배기역 5번출구,서울특별시 동작구 상도동 26-20 장승배기역,30
1182,동작구,2015,신대방삼거리역 6번출구쪽,서울특별시 동작구 대방동 406-10 7호선 신대방삼거리역,10
1183,동작구,2016,신대방삼거리역 3번출구쪽,서울특별시 동작구 대방동 406-10 7호선 신대방삼거리역,10
1184,동작구,2020,장승배기역2번출구뒷편쪽,서울특별시 동작구 상도동 26-20 장승배기역,10
1185,동작구,2024,상도역 1번출구,서울특별시 동작구 상도1동 702-1 상도역(중대입구역)7호선,10
1186,동작구,2025,흑석역 1번출구,서울특별시 동작구 흑석동 4 9호선 흑석역,15
1187,동작구,2026,흑석역 4번출구,서울특별시 동작구 흑석동 4 9호선 흑석역,10
1188,동작구,2027,중앙대학교 정문,서울특별시 동작구 흑석동 211-32 중앙대학교,15
1189,동작구,2032,이수역 11번출구쪽,서울특별시 동작구 사당동 144-4 이수역(7호선),10
1190,동작구,2033,사당동 아르테스 웨딩앞,서울특별시 동작구 사당동 588-44 사당역(4호선),10
1191,동작구,2034,사당역 7번출구쪽,서울특별시 동작구 사당동 588-44 사당역(4호선),20
1192,동작구,2036,정금마을 마을버스정류장,서울특별시 서초구 방배동 765-27 금중빌딩,20
1193,동작구,2037,동작역 5번출구 동작주차공원,서울특별시 동작구 동작동 326 9호선 동작역,20
1194,동작구,2038,동작역 7번출구,서울특별시 동작구 동작동 326 9호선 동작역,10
1195,동작구,2040,비계 버스정류소,서울특별시 동작구 흑석동 28 한강현대아파트,10
1196,동작구,2041,사당중학교 버스정류소,서울특별시 동작구 사당동 218 에스엘빌딩,10
1197,동작구,2048,삼일초등학교 인근,서울특별시 동작구 사당동 105-23 서울삼일초등학교,10
1198,동작구,2050,노량진역 5번출구,서울특별시 동작구 노량진동 60-11 9호선 노량진역,10
1199,동작구,2054,삼익아파트,서울특별시 동작구 노량진동 330 삼익주상복합아파트,10
1200,동작구,2056,동작구민 체육센터,서울특별시 동작구 신대방동 460-1 동작구민체육센터,10
1201,동작구,2057,상도 아이파크 아파트,서울특별시 동작구 상도동 416 아이파크상도동,10
1202,동작구,2058,노량진동 맥도널드앞,서울특별시 동작구 노량진동 113-7,10
1203,동작구,2059,보라매공원 정문,서울특별시 동작구 신대방동 395-61 보라매공영주차장,10
1204,동작구,2060,남성역3번출구 뒤,서울특별시 동작구 사당동 260-14,10
1205,동작구,2061,한강 현대아파트 건너편,서울특별시 동작구 흑석동 27-83,10
1206,동작구,2062,사당새마을금고,서울특별시 동작구 사당동 211-2,10
1207,동작구,2063,대방역 4번출구,서울특별시 영등포구 신길동 1368-3 대방역,15
1208,동작구,2064,흑석한강푸르지오 106동앞,서울특별시 동작구 흑석동 336 흑석한강푸르지오,10
1209,동작구,2065,서울시여성가족재단,서울특별시 동작구 대방동 345-1 서울여성플라자,15
1210,동작구,2066,양문교회 앞,서울특별시 동작구 신대방동 607-8,10
1211,동작구,2067,LG전자 베스트 샾 대리점 앞,서울특별시 강동구 고덕동 230,10
1212,동작구,2068,총신대 앞(육교),서울특별시 동작구 사당동 588-44 사당역(4호선),12
1213,동작구,2069,숭실대 입구역 3번 출구 앞,서울특별시 동작구 상도동 279-514 아트리빙텔,7
1214,동작구,2070,노량진역 2번출구 앞,서울특별시 동작구 노량진동 67-3,12
1527,동작구,2071,대림아파트 후문 상가 옆,서울특별시 동작구 사당동 169-8 대림아파트,10
1215,관악구,2102,봉림교 교통섬,서울특별시 관악구 신림동 1433-141,20
1216,관악구,2103,신림동 우방아파트,서울특별시 관악구 신림동 1715 우방아파트,10
1217,관악구,2104,사당역 5번출구,서울특별시 동작구 사당동 1129 사당역(2호선),13
1218,관악구,2105,미성동 신림체육센터,서울특별시 관악구 신림동 1475-6,12
1219,관악구,2106,난곡 새마을금고,서울특별시 관악구 신림동 614-19 난곡새마을금고,12
1220,관악구,2107,도림천 신화교,서울특별시 관악구 신림동 133 서울신림중학교,25
1221,관악구,2108,은천치안센터,서울특별시 관악구 봉천동 932-24,20
1222,관악구,2109,은천로입구 가로공원,서울특별시 양천구 신월동 263 가로공원공영주차장,15
1223,관악구,2110,조원동 미성아파트,서울특별시 관악구 신림동 1655-16,9
1224,관악구,2111,서울대입구역 1번출구,서울특별시 관악구 봉천동 857-1,10
1225,관악구,2112,서울대입구역 마에스트로,서울특별시 관악구 봉천동 979-2,15
1226,관악구,2113,관악동작견인차량보관소,서울특별시 관악구 신림동 1677-4,10
1227,관악구,2115,관악농협농산물백화점,서울특별시 관악구 신림동 1668 관악농협농산물백화점,15
1228,관악구,2116,에이스에이존빌딩,서울특별시 관악구 봉천동 979-2,9
1229,관악구,2119,중앙동 동진빌딩,서울특별시 관악구 봉천동 32-8 동진빌딩,10
1230,관악구,2122,낙성대로 입구,서울특별시 관악구 봉천동 1679-5 서울약사신용협동조합,20
1231,관악구,2127,보성운수차고지 맞은편,서울특별시 관악구 신림동 678-1,10
1232,관악구,2128,관악구청교차로,서울특별시 관악구 봉천동 1569-2,12
1233,관악구,2129,낙성대 과학전시관,서울특별시 관악구 봉천동 238 서울시과학전시관,10
1234,관악구,2130,영어마을 관악캠프,서울특별시 관악구 봉천동 272 서울영어마을관악캠프,15
1235,관악구,2135,신림역 5번출구,서울특별시 관악구 신림동 1467-10,9
1236,관악구,2136,신림역 8번출구,서울특별시 관악구 신림동 1422-5 르네상스복합쇼핑몰,8
1237,관악구,2137,KT&G 관악지점,서울특별시 관악구 봉천동 958-13,10
1238,관악구,2139,서울신성초등학교,서울특별시 관악구 신림동 117-4 서울신성초등학교,10
1239,관악구,2140,신림1교 교차로,서울특별시 관악구 신림동 1641-99,12
1240,관악구,2141,미림여고입구 교차로,서울특별시 관악구 신림동 1514 조흥빌딩,12
1241,관악구,2143,서울산업정보학교,서울특별시 관악구 신림동 225-1 서울산업정보학교,10
1242,관악구,2144,난우길입구,서울특별시 관악구 신림동 1565-7,15
1243,관악구,2145,은천초등학교 육교,서울특별시 관악구 봉천동 622-1 서울은천초등학교,12
1244,관악구,2148,낙성대역 3번출구 뒤,서울특별시 관악구 봉천동 1693-39,10
1245,관악구,2156,농협 관악문성지점,서울특별시 금천구 독산동 901-7 지오프라자,12
1246,관악구,2159,인헌초교,서울특별시 관악구 봉천동 244-1,10
1247,관악구,2160,관악구 보건소,서울특별시 관악구 봉천동 1570-1 관악구청,15
1248,관악구,2164,관악우체국,서울특별시 관악구 신림동 1412-3,8
1249,관악구,2165,JK장평타워,서울특별시 관악구 봉천동 1688-125,10
1250,관악구,2167,낙성대역 1번출구,서울특별시 관악구 봉천동 1657-5,12
1251,관악구,2169,봉천역 2번출구,서울특별시 관악구 봉천동 927-8,7
1252,관악구,2170,조원동서울본병원,서울특별시 관악구 신림동 543-7,10
1253,관악구,2171,서울대입구역 5번출구,서울특별시 관악구 봉천동 861-6 Q타워,17
1254,관악구,2172,나들목공원,서울특별시 관악구 신림동 222 서울삼성고등학교,20
1255,관악구,2173,당곡사거리,서울특별시 관악구 봉천동 972-3,10
1256,관악구,2174,삼성디지털프라자관악점,서울특별시 관악구 신림동 1428-1,10
1257,관악구,2175,신림동걷고싶은문화의거리입구,서울특별시 관악구 신림동 1431-3,10
1258,관악구,2176,보라매공원 보도육교,서울특별시 관악구 신림동 497-13,15
1259,관악구,2177,신대방역 2번출구,서울특별시 관악구 신림동 신대방역 2번출구,19
1260,관악구,2178,서울대학교 정문,서울특별시 관악구 신림동 산56-1 서울대학교,15
1261,관악구,2179,양녕로 입구,서울특별시 관악구 봉천동 912-18 서원빌딩,10
1262,관악구,2180,신림동주민센터,서울특별시 관악구 신림동 1430-48,10
1263,관악구,2183,동방1교,서울특별시 관악구 신림동 251-272 늘푸른,20
1264,관악구,2184,구암초등학교 버스정류장,서울특별시 관악구 봉천동 490-9,10
1536,관악구,2185,대학동 고시촌,서울특별시 관악구 신림동 240-3 밀라트,10
1265,서초구,2201,본마을 정류소 앞,서울특별시 서초구 신원동 446 본마을 데이케어센터,20
1266,서초구,2202,청계산입구역 1번출구,서울특별시 서초구 신원동 270-25 청계산입구역,20
1267,서초구,2203,청계산입구역 2번출구,서울특별시 서초구 신원동 270-25 청계산입구역,20
1268,서초구,2205,내곡3단지 어린이공원 앞,서울특별시 서초구 내곡동 360 목양침례교회,15
1269,서초구,2206,언남초등학교 앞,"서울특별시 서초구 내곡동 120 언남초등학교,유치원",20
1270,서초구,2207,내곡파출소 뒤 정자,서울특별시 서초구 내곡동 184-1 내곡파출소,9
1271,서초구,2210,반포1동 주민센터 앞,서울특별시 서초구 반포동 128-7 사평역,15
1272,서초구,2211,서초구립반포도서관 앞,서울특별시 서초구 반포동 32-12 서초구립반포도서관,10
1273,서초구,2212,서초현대4차아파트 201동 맞은편,서울특별시 서초구 서초동 1684 서초4차현대아파트,20
1274,서초구,2213,고속터미널역 5번출구 앞,서울특별시 서초구 반포동 19-11 강남고속터미널역,20
1275,서초구,2214,신반포역 2번출구 앞,서울특별시 서초구 반포동 128-1 신반포역,15
1276,서초구,2215,반포종합운동장 입구,서울특별시 서초구 반포동 15-2,10
1277,서초구,2217,아크로리버뷰 부지 앞,서울특별시 서초구 잠원동 60-78 신반포20차아파트,20
1278,서초구,2219,"고속터미널역 8-1번, 8-2번 출구 사이",서울특별시 서초구 반포동 19-11 강남고속터미널역,20
1279,서초구,2220,반포본동 주민센터 앞,서울특별시 서초구 반포동 1130 반포본동주민센터,10
1280,서초구,2221,하나은행 방배동지점 앞,서울특별시 서초구 방배동 907-4 하나은행,15
1281,서초구,2222,사당역 12번출구 뒤,서울특별시 동작구 사당동 588-44 사당역(4호선),10
1282,서초구,2223,방배래미안 정문 앞,서울특별시 서초구 방배동 485-3 방배래미안타워,20
1283,서초구,2225,백석예술대학교 제3캠퍼스 앞,서울특별시 서초구 방배동 981-7 백석예술대학교,15
1284,서초구,2226,신동아럭스빌아파트 앞,서울특별시 서초구 방배동 1026-14 방배신동아럭스빌,15
1285,서초구,2227,방배열린문화센터 앞,서울특별시 서초구 방배동 874-16 내방역,15
1286,서초구,2228,뒷벌공원 옆,서울특별시 서초구 방배동 821-1 방배4동 치안센터,20
1287,서초구,2229,로고스교회 맞은 편,서울특별시 서초구 방배동 865-1 로고스교회,10
1288,서초구,2230,이수역 4번 출구,서울특별시 동작구 사당동 144-4 이수역(7호선),20
1289,서초구,2231,삼성타운(삼성생명) A동 맞은편,서울특별시 서초구 서초동 1316-19 가락빌딩,15
1290,서초구,2233,서초신동아1차아파트 옆,서울특별시 서초구 방배동 987-2 신동아빌딩,20
1291,서초구,2235,KT 서초지사 앞,서울특별시 서초구 반포동 114-1 KT신사지사 반포지점,15
1292,서초구,2237,서울남부터미널 대합실 입구,서울특별시 서초구 서초동 1748-30 남부터미널역,20
1293,서초구,2239,교대역 6번출구,서울특별시 서초구 서초동 1748-4 교대역,10
1294,서초구,2241,양재전화국 사거리,서울특별시 강남구 도곡동 907-64,10
1295,서초구,2242,양재역 11번 출구 앞,서울특별시 서초구 서초동 1366-9 양재역,20
1296,서초구,2243,서울가정법원,서울특별시 서초구 양재동 25-3 서울가정행정법원청사,15
1297,서초구,2244,교육개발원입구 교차로,서울특별시 서초구 우면동 92-6 한국교육개발원,20
1298,서초구,2245,양재초등학교 맞은편,서울특별시 서초구 양재동 101 양재초등학교,20
1299,서초구,2246,서울시 품질시험소 앞,서울특별시 서초구 우면동 15 서울시품질시험소,15
1300,서초구,2247,섬들근린공원,서울특별시 서초구 우면동 738 예인교회,25
1301,서초구,2248,서초리슈빌S 글로벌 앞,서울특별시 서초구 우면동 787 서초리슈빌S글로벌,10
1302,서초구,2249,우솔초등학교 맞은편,서울특별시 서초구 우면동 774 서울우솔초등학교,10
1303,서초구,2250,서초유치원 맞은편,서울특별시 서초구 우면동 774 서울우솔초등학교,10
1304,서초구,2251,더케이호텔 입구(양재2),서울특별시 서초구 양재동 202 더케이서울호텔,10
1305,서초구,2252,하이브랜드 앞,서울특별시 서초구 양재동 215 하이브랜드,25
1306,서초구,2255,시민의숲역 1번출구 옆,서울특별시 서초구 양재동 233-2 양재시민의숲역(매헌역),25
1307,서초구,2256,양재동 꽃시장 입구,서울특별시 서초구 양재동 232 AT센터,10
1308,서초구,2257,하나로클럽 양재점 맞은편,서울특별시 서초구 양재동 230 농협하나로클럽,10
1309,서초구,2258,구룡사 삼거리,서울특별시 강남구 개포동 1164-7 아람손프라자,20
1310,서초구,2259,잠원역 3번-4번 출구사이,서울특별시 서초구 잠원동 100-1 잠원역,15
1311,서초구,2262,한신16차아파트 119동 앞,서울특별시 서초구 잠원동 60-78 신반포20차아파트,20
1312,서초구,2263,바우뫼문화복지회관,서울특별시 서초구 우면동 68-1 바우뫼복지문화센터,20
1313,서초구,2264,이수역 1번출구,서울특별시 서초구 방배동 1823 도림빌딩,9
1537,서초구,2265,이수고가차도 남단,서울특별시 서초구 방배동 765-14 청남빌딩,10
1314,서초구,2266,서초역 3번출구,서울특별시 서초구 서초동 1748-14 구두수선대,15
1315,서초구,2268,서초4동주민센터,서울특별시 서초구 서초동 1389,10
1316,서초구,2269,주홍교 하부,서울특별시 서초구 잠원동 91-29,10
1317,서초구,2270,서초포레스타 7단지,서울특별시 서초구 신원동 266 서초포레스타7단지,10
1318,서초구,2271,내방역 8번출구 앞,서울특별시 서초구 방배동 875-5,8
1319,서초구,2272,교대입구 교차로,서울특별시 서초구 서초동 1748-33 구두수선대,10
1320,서초구,2273,일동제약 사거리,서울특별시 서초구 양재동 67-12,10
1321,서초구,2274,양재시민의숲역 3번출구,서울특별시 서초구 양재동 316-11,10
1322,서초구,2275,염곡치안센터 건너편,서울특별시 서초구 염곡동 260-1 비닐하우스,10
1323,서초구,2276,영동1교 (양재천근린공원),서울특별시 서초구 양재동 261-23,15
1324,서초구,2277,길마중4교 하부,서울특별시 서초구 잠원동 84-3,10
1325,서초구,2279,교대역 5번출구뒤,서울특별시 서초구 서초동 1672-9,10
1326,서초구,2280,서울서초고용센터 앞,서울특별시 서초구 서초동 1534-5,10
1327,서초구,2281,연세사랑병원신관앞,서울특별시 서초구 방배동 478-3 연세사랑병원,7
1328,서초구,2282,방배래미안아트힐 101동앞,서울특별시 서초구 방배동 1008-2 래미안방배아트힐,15
1329,서초구,2283,그룹한빌딩옆,서울특별시 서초구 방배동 961-20,10
1330,서초구,2284,CJ오쇼핑앞,서울특별시 서초구 방배동 2724 (주)CJ오쇼핑,10
1331,서초구,2285,LH서초3단지 301동 맞은편,서울특별시 서초구 우면동 788 엘에이치서초4단지,15
1332,서초구,2286,탑성마을입구,서울특별시 서초구 염곡동 206-1,10
1333,서초구,2287,능안마을입구,서울특별시 서초구 내곡동 6-20,10
1334,서초구,2288,안골마을입구,서울특별시 서초구 내곡동 205-1,10
1335,서초구,2289,남태령역 2번출구,서울특별시 서초구 방배동 2911,10
1336,서초구,2290,서래마을파리15구공원앞,서울특별시 서초구 반포동 69-1 효성빌라,10
1337,서초구,2292,무지개아파트 앞,서울특별시 서초구 서초동 1335,15
1338,서초구,2293,SPC 앞,서울특별시 서초구 양재동 11-149 강남피타워,10
1339,서초구,2294,두상빌딩 앞,서울특별시 서초구 양재동 277-6 두상빌딩,15
1340,서초구,2297,남부터미널역 1번출구,서울특별시 서초구 서초동 1603-20 정원빌딩,10
1341,서초구,2298,래미안서초스위트앞,서울특별시 서초구 서초동 1301-6 래미안서초스위트아파트,12
1342,서초구,2299,한전아트센터 앞,서울특별시 서초구 서초동 1355 한전아트센터,12
1343,강남구,2301,현대고등학교 건너편,서울특별시 강남구 신사동 549-1 타워빌딩,10
1344,강남구,2302,교보타워 버스정류장(신논현역 3번출구 후면),서울특별시 강남구 역삼동 800 신논현역,10
1345,강남구,2303,논현역 7번출구,서울특별시 강남구 논현동 279-67 논현역,15
1346,강남구,2304,신영 ROYAL PALACE 앞,서울특별시 강남구 논현동 249-6 논현로얄팰리스,10
1347,강남구,2305,MCM 본사 직영점 앞,서울특별시 강남구 논현동 97 성주그룹빌딩 본관,10
1348,강남구,2306,압구정역 2번 출구 옆,서울특별시 강남구 신사동 668 압구정역,30
1349,강남구,2307,압구정 한양 3차 아파트,서울특별시 강남구 압구정동 489 한양아파트,10
1350,강남구,2308,압구정파출소 앞,서울특별시 강남구 압구정동 483 압구정파출소,14
1351,강남구,2309,청담역(우리들병원 앞),서울특별시 강남구 청담동 47-5 정한빌딩,10
1352,강남구,2310,청담동 맥도날드 옆(위치),서울특별시 강남구 청담동 77-76 청담역,10
1353,강남구,2311,학동로 래미안 아파트 앞,서울특별시 강남구 청담동 77-76 청담역,10
1354,강남구,2312,청담역 13번 출구 앞,서울특별시 강남구 청담동 72 국제빌딩,10
1355,강남구,2313,금원빌딩 앞,서울특별시 강남구 청담동 125-12 금원빌딩,10
1356,강남구,2314,청담나들목입구,서울특별시 강남구 삼성동 82-7 봉은중학교,10
1357,강남구,2315,봉은사역 5번출구 옆,서울특별시 강남구 삼성동 172 봉은사역,10
1358,강남구,2316,삼성역 8번출구,서울특별시 강남구 삼성동 168-6,20
1359,강남구,2317,삼성도로공원,서울특별시 강남구 삼성동 110-1 아메리칸스탠다드바쓰하우스빌딩,10
1360,강남구,2318,삼성중앙역4번출구(문화센터더 리빌),서울특별시 강남구 삼성동 73 봉은사,15
1361,강남구,2319,포스코4거리 서측(수협 삼성동 지점),서울특별시 강남구 삼성동 143-48 대종빌딩,10
1362,강남구,2320,도곡역 대치지구대 방향,서울특별시 강남구 도곡동 339-2 도곡역,10
1363,강남구,2321,학여울역 사거리,서울특별시 강남구 대치동 514-3 학여울역,10
1364,강남구,2322,삼성역 3번 출구,서울특별시 강남구 대치동 946-1 글라스타워빌딩,15
1365,강남구,2323,주식회사 오뚜기 정문 앞,서울특별시 강남구 대치동 1009-1 오뚜기센터,10
1366,강남구,2324,천주교 대치 2동 교회 옆,서울특별시 강남구 대치동 993 대치2동천주교 성당,10
1367,강남구,2325,대치동 버거킹대치점,서울특별시 강남구 대치동 941-24 제일빌딩,10
1368,강남구,2326,대치동 삼성로,서울특별시 강남구 대치동 961-11 서울빌딩,10
1369,강남구,2327,뱅뱅사거리 랜드마크타워 앞,서울특별시 강남구 역삼동 837-36 랜드마크타워,15
1370,강남구,2328,르네상스 호텔 사거리 역삼지하보도 7번출구 앞,서울특별시 강남구 역삼동 701-1 역삼 아르누보씨티,10
1371,강남구,2329,르네상스호텔사거리 역삼지하보도 2번출구,서울특별시 강남구 역삼동 804 역삼역,10
1372,강남구,2330,스타벅스 앞,서울특별시 강남구 역삼동 798-30 현진빌딩,10
1373,강남구,2331,동영문화센터앞,서울특별시 강남구 역삼동 772 동영문화센터,20
1374,강남구,2332,선릉역3번출구,서울특별시 강남구 역삼동 708-7 원광빌딩,8
1375,강남구,2333,양재역 3번출구 주변,서울특별시 강남구 도곡동 953-1 양재SK허브프리모,15
1376,강남구,2334,8.삼호@ 2동 ( 간선도로),서울특별시 강남구 대치동 1011-28 한티역,15
1377,강남구,2335,3호선 매봉역 3번출구앞,서울특별시 강남구 도곡동 463 아성(ASUNG),10
1378,강남구,2336,강남세브란스교차로  래미안그레이튼 104동 앞,서울특별시 강남구 대치동 1011-28 한티역,10
1379,강남구,2337,대모산입구역 2번출구 앞,서울특별시 강남구 개포동 184 개원중학교,15
1380,강남구,2339,현대아파트 정문 앞,서울특별시 강남구 개포동 654 현대2차아파트,10
1381,강남구,2340,삼호물산버스정류장(23370) 옆,서울특별시 강남구 개포동 1229-4 봉명빌딩,15
1382,강남구,2341,일원역 4~5번 출구 사이,서울특별시 강남구 일원동 735 가람아파트,10
1383,강남구,2342,대청역 1번출구  뒤,서울특별시 강남구 개포동 13-3 대청타워,10
1384,강남구,2343,세곡사거리 대왕파출소 앞,서울특별시 강남구 세곡동 120-9 대왕파출소,10
1385,강남구,2344,리엔파크 2단지 앞,서울특별시 강남구 세곡동 511 신동아파밀리에,10
1386,강남구,2347,두산건설 본사,서울특별시 강남구 논현동 105-7 두산빌딩,15
1387,강남구,2348,포스코사거리(기업은행),서울특별시 강남구 삼성동 157-27 브이플렉스,20
1388,강남구,2349,역삼빌딩 앞(하나은행 옆),서울특별시 강남구 역삼동 804 역삼역,10
1389,강남구,2350,래미안그레이튼102동앞,서울특별시 강남구 역삼동 757 역삼래미안아파트,10
1390,강남구,2351,청소년수련관(수영장)앞,서울특별시 강남구 수서동 749 서울시립 수서청소년수련원,15
1391,강남구,2352,서울본부세관(건설회관 앞),서울특별시 강남구 논현동 71 서울세관,10
1392,강남구,2353,강남구청역 2번출구 뒤,서울특별시 강남구 논현동 241-3 에스케이 허브블루,10
1393,강남구,2354,청담역 2번출구,서울특별시 강남구 삼성동 58-2 청담역 푸르지오시티,5
1394,강남구,2355,삼성역 5~6번 출구 사이,서울특별시 강남구 삼성동 159 코엑스인터콘티넨탈서울,20
1395,강남구,2356,강남구청,서울특별시 강남구 삼성동 111-44 강남구청역,10
1396,강남구,2357,르네상스호텔사거리 역삼지하보도 3번출구 앞 (더 오번 빌딩 명동칼국수 앞),서울특별시 강남구 역삼동 720-15,15
1397,강남구,2358,구룡초사거리 (현대아파트10동 앞 ),서울특별시 강남구 개포동 653 현대1차아파트,10
1398,강남구,2359,"국립국악중,고교 정문 맞은편",서울특별시 강남구 개포동 1197-2 친환경식품유통센터,10
1399,강남구,2360,도곡1동 주민센터 교차로,서울특별시 강남구 역삼동 788-10,15
1400,강남구,2361,압구정역 교차로,서울특별시 강남구 신사동 580-7,10
1401,강남구,2362,신사동 가로수길 입구,서울특별시 강남구 신사동 501-5,10
1402,강남구,2363,강남 을지병원 교차로,서울특별시 강남구 논현동 7-12,15
1403,강남구,2364,도산대로 렉서스 앞,서울특별시 강남구 신사동 629-34 Genesis 빌딩,10
1404,강남구,2365,K+ 타워 앞,서울특별시 강남구 신사동 666-16,15
1405,강남구,2368,도곡동 경남아파트 건너편,서울특별시 강남구 도곡동 874-1,10
1406,강남구,2369,KT선릉타워,서울특별시 강남구 대치동 1011 구두수선대,20
1407,강남구,2370,한티역 3번출구,서울특별시 강남구 대치동 1026 구두수선대,20
1408,강남구,2371,한국우편사업진흥원,서울특별시 강남구 논현동 210-1 삼원빌딩,10
1409,강남구,2372,대치역 사거리,서울특별시 강남구 대치동 509 하이마트사옥,10
1410,강남구,2373,개포동역 사거리,서울특별시 강남구 개포동 181-3,20
1411,강남구,2375,수서역 1번출구 앞,서울특별시 강남구 수서동 728,10
1412,강남구,2376,수서역 6번출구 앞,서울특별시 강남구 수서동 728 수서역,20
1413,강남구,2377,수서역 5번출구 뒤,서울특별시 강남구 수서동 724-4,10
1414,강남구,2380,삼성동베이직하우스앞,서울특별시 강남구 삼성동 114-15 티비에이치빌딩,15
1415,강남구,2381,언주역 6번출구앞,서울특별시 강남구 역삼동 650-9 강남차병원,8
1416,강남구,2382,역삼동 sk뷰 501동앞,서울특별시 강남구 역삼동 716-3 개나리SK뷰,11
1417,강남구,2383,보금자리정원,서울특별시 강남구 세곡동 605 세곡교회,10
1418,강남구,2384,자곡사거리,서울특별시 강남구 자곡동 591 더그린관,10
1419,강남구,2385,학동역,서울특별시 강남구 논현동 279-67 학동역,10
1420,강남구,2387,래미안강남힐즈 사거리,서울특별시 강남구 자곡동 611 래미안 강남힐즈,10
1421,강남구,2388,강남구 도시관리공단,서울특별시 강남구 삼성동 111-61,10
1422,강남구,2389,경기여자고등학교 후문 (삼성로3길 입구),서울특별시 강남구 개포동 195 개포동역,15
1423,강남구,2390,구룡마을 입구(래미안블레스티지 아파트),서울특별시 강남구 개포동 570,10
1424,강남구,2391,구룡터널 입구,서울특별시 강남구 개포동 570,10
1425,강남구,2392,구룡산 입구(구룡산 서울둘레길 입구),서울특별시 강남구 개포동 1277,15
1426,강남구,2393,구룡사 앞 교차로 (보도육교),서울특별시 강남구 개포동 1277,10
1427,강남구,2394,래미안강남포레스트 입구(보도육교),서울특별시 강남구 개포동 659,10
1428,강남구,2395,개포1단지아파트 입구(보도육교),서울특별시 강남구 개포동 659,10
1429,강남구,2396,영동3교 북단(우성캐릭터 앞 보도),서울특별시 강남구 도곡동 466,15
1430,강남구,2398,더라움,서울특별시 강남구 역삼동 801-7,10
1431,강남구,2401,밀알학교 입구 (삼성서울병원 입구),서울특별시 강남구 일원동 128-10,15
1432,강남구,2403,공무원연금매점 교차로(개포주공9단지 입구),서울특별시 강남구 일원동 703-2,15
1433,강남구,2404,대모산입구역 4번 출구 앞,서울특별시 강남구 일원동 700-1 대모산입구역,10
1434,강남구,2405,청담공원앞 교차로,서울특별시 강남구 삼성동 111-44 구두수선대,20
1435,강남구,2406,논현동 광명빌딩 앞,서울특별시 강남구 역삼동 800 신논현역,10
1436,강남구,2407,역삼.서초.삼성 세무서 앞(역삼빌딩 앞),서울특별시 강남구 역삼동 804 역삼역,10
1437,강남구,2408,강남한양수자인아파트,서울특별시 강남구 자곡동 77 강남한양수자인아파트,14
1438,강남구,2409,역삼동 디오슈페리움 (우성아파트 사거리),서울특별시 강남구 역삼동 800 신논현역,18
1439,강남구,2410,포스코피앤에스타워 (역삼역 3번출구 부근),서울특별시 강남구 역삼동 804 역삼역,10
1440,강남구,2411,세곡동 성당,서울특별시 강남구 율현동 165-2 세곡동성당,15
1441,강남구,2412,일원1동 주민센터,서울특별시 강남구 일원동 712-5 ,15
1442,서초구,2501,서초 포레스타5단지,서울특별시 서초구 신원동 347-6,10
1443,서초구,2502,서초역1번출구 앞,서울특별시 서초구 서초동 1553-21,9
1444,서초구,2503,반포1동 서초빌딩 앞,서울특별시 서초구 반포동 749-35,10
1445,서초구,2504,신사역 4번출구 뒤,서울특별시 서초구 잠원동 88-1 구두수선대,10
1446,서초구,2505,우성아파트사거리B(기업은행앞),서울특별시 서초구 서초동 1374 가로분식점,12
1447,서초구,2506,LG유플러스(방배사옥),서울특별시 서초구 방배동 980-53,10
1448,서초구,2508,양재이스타빌 앞,서울특별시 서초구 양재동 1-4 명진,10
1449,서초구,2509,KT반포지사,서울특별시 서초구 반포동 128-13,16
1525,서초구,2510,JW타워,서울특별시 서초구 서초동 1748-45,8
1526,서초구,2511,이수역 6번출구 앞,서울특별시 서초구 방배동 438-35,20
1450,송파구,2601,석촌호수 서호사거리,서울특별시 송파구 잠실동 47 서울놀이마당,10
1451,송파구,2603,송파 글마루 도서관,서울특별시 송파구 장지동 846,10
1452,송파구,2604,삼표레이콘 앞,서울특별시 송파구 풍납동 307-4,10
1453,송파구,2605,복정역 1번 출구 앞,서울특별시 송파구 장지동 602-18,15
1454,송파구,2606,위례동주민센터 맞은편 근린공원,서울특별시 송파구 거여동 497,10
1455,송파구,2607,복정역 2번출구 후문(장지치안센터),서울특별시 송파구 장지동 600-31,15
1456,송파구,2608,송파구청,서울특별시 송파구 신천동 29-5 송파구청,15
1457,송파구,2609,보성중고등학교 후문 앞,서울특별시 송파구 방이동 89-22 보성중고등학교,10
1458,송파구,2610,여흥레이크빌 앞(석촌호수 까페거리),서울특별시 송파구 송파동 31 여흥레이크빌,10
1459,송파구,2611,송파지역자활센터 뒤,서울특별시 송파구 풍납동 175 솔바람복지센타,7
1460,송파구,2612,문정·가락 대여소 앞,서울특별시 송파구 가락동 632-2 문정.가락 자전거대여소,10
1461,송파구,2613,잠실나들목,서울특별시 송파구 잠실동 1-1 한강사업본부 잠실안내센터,14
1462,송파구,2614,가락고등학교 앞,서울특별시 송파구 송파동 172 가락고등학교,15
1463,송파구,2615,테라타워2,서울특별시 송파구 문정동 642 송파 테라타워2,15
1464,송파구,2616,거여동 사거리,서울특별시 송파구 거여동 11-6 거여.마천 자전거대여소,20
1465,송파구,2617,가락삼환아파트 앞,서울특별시 송파구 가락동 165-2 개롱역,15
1466,송파구,2618,삼전역 1번출구,서울특별시 송파구 잠실동 347 삼전역,15
1467,송파구,2619,석촌고분역 4번출구,서울특별시 송파구 삼전동 157-1 석촌고분역,9
1468,송파구,2620,송파나루역 4번 출구옆,서울특별시 송파구 방이동 2 송파나루역,15
1469,송파구,2621,한성백제역 2번 출구,서울특별시 송파구 방이동 38-11,15
1470,송파구,2622,올림픽공원역 3번출구,서울특별시 송파구 방이동 89-28 가로판매대,20
1471,강서구,2701,마곡나루역5번출구,서울특별시 강서구 마곡동 761-5,15
1472,강서구,2702,마곡 엠밸리2단지,서울특별시 강서구 마곡동 735-1,20
1533,구로구,2801,대륭포스트타워1차,서울특별시 구로구 구로동 197-8 구두수선대,30
1473,서대문구,3100,북성초교,서울특별시 서대문구 북아현동 220-43,8
1474,서대문구,3101,서대문구청,서울특별시 서대문구 연희동 165-2 서대문구보건소,15
1475,서대문구,3102,연희삼거리,서울특별시 서대문구 연희동 134-5,10
1476,서대문구,3103,홍제삼거리 북측,서울특별시 서대문구 홍제동 161-1 홍제역,8
1477,서대문구,3104,e편한세상 신촌4단지 앞,서울특별시 서대문구 북아현동 251-71,13
1478,서대문구,3105,홍은센트레빌 아파트 앞,서울특별시 서대문구 홍은동 164-44,12
1479,서대문구,3106,홍남교 두바퀴쉼터,서울특별시 서대문구 연희동 696 두바퀴쉼터,12
1480,서대문구,3107,연희초등학교 앞,서울특별시 서대문구 연희동 87-27,7
1481,광진구,3500,군자역2번출구,서울특별시 광진구 중곡동 649-7,10
1482,광진구,3501,광진구청 앞,서울특별시 광진구 자양동 769-7 K&S빌딩,10
1483,광진구,3502,중곡역 1번출구,서울특별시 광진구 중곡동 273-2 7호선 중곡역,15
1484,광진구,3503,광진유진스웰,서울특별시 광진구 광장동 121 유진스웰,20
1485,광진구,3504,원일교회,서울특별시 광진구 자양동 227-2 원일교회,8
1486,광진구,3505,신양초교앞 교차로,서울특별시 광진구 자양동 504 서울신양초등학교,12
1487,광진구,3506,영동대교 북단,서울특별시 광진구 자양동 203-22,10
1488,광진구,3507,어린이회관,서울특별시 광진구 능동 465-7,39
1489,광진구,3508,화양사거리,서울특별시 광진구 화양동 21-6 외한은행화양동지점,10
1490,광진구,3509,세종사이버대학교,서울특별시 광진구 군자동 111-2,20
1491,광진구,3510,중곡SK아파트앞,서울특별시 광진구 중곡동 294-13 SK베스트빌,10
1492,성동구,3511,응봉역 1번출구,서울특별시 성동구 응봉동 246 응봉역,10
1493,성동구,3513,상왕십리역 1번출구,서울특별시 성동구 하왕십리동 860-1 ,10
1494,성동구,3514,왕십리교회옆,서울특별시 성동구 상왕십리동 350-1 ,10
1495,성동구,3515,서울숲 관리사무소,서울특별시 성동구 성수동1가 678-1,20
1496,광진구,3516,구의아리수정수센터앞,서울특별시 광진구 구의동 164-2,10
1497,광진구,3517,용마사거리,서울특별시 광진구 중곡동 164-1,10
1498,광진구,3518,군자역 7번출구뒤,서울특별시 광진구 능동 275-5,8
1499,성동구,3519,용답역 1번 출구,서울특별시 성동구 용답동 127 용답역,10
1500,광진구,3520,광진경찰서,서울특별시 광진구 구의동 254-32 광진경찰서,10
1501,광진구,3521,현대홈타운 뒷길,서울특별시 광진구 광장동 579 광장11차 현대홈타운,10
1502,성동구,3522,사근삼거리,서울특별시 성동구 사근동 198-1 드림시드 아파트,9
1503,광진구,3523,건국대학교 과학관(이과대) 앞,서울특별시 광진구 화양동 1 건국대학교,10
1504,광진구,3524,세종대학교,서울특별시 광진구 군자동 98 세종초등학교,15
1505,성동구,3525,금호스포츠센터앞,서울특별시 성동구 금호동4가 56 독서당 인문아카데미센터,15
1506,성동구,3527,왕십리 자이아파트,서울특별시 성동구 하왕십리동 999-136,8
1507,광진구,3528,광진정보도서관,서울특별시 광진구 광장동 141-2,8
1508,광진구,3529,어린이대공원정문,서울특별시 광진구 군자동 98 세종대학교,15
1509,성동구,3530,왕십리자이아파트 후문(삼거리),서울특별시 성동구 하왕십리동 1002 왕십리KCC스위첸,15
1510,성동구,3531,논골사거리(금호도서관 입구),서울특별시 성동구 금호동1가 688 금호작은도서관,15
1511,성동구,3532,왕십리KCC스위첸아파트,서울특별시 성동구 하왕십리동 1002 왕십리KCC스위첸,15
1512,광진구,3533,건대입구역 사거리(롯데백화점),서울특별시 광진구 자양동 227-337 가로판매대 - 07,10
1513,광진구,3534,건대입구역 5번출구 뒤,서울특별시 광진구 자양동 1-6 가로판매대 - 06,12
1514,광진구,3535,중곡사거리(국민은행),서울특별시 광진구 중곡동 266-5 구두수선대 - 35,10
1515,광진구,3536,중앙농협(자양동),서울특별시 광진구 자양동 730,10
1516,광진구,3537,아차산 휴먼시아 아파트 옆,서울특별시 광진구 구의동 40-2,15
1517,성동구,3538,서울숲 IT캐슬,서울특별시 성동구 성수동1가 671-41,14
1518,강동구,3539,서원마을,서울특별시 강동구 암사동 117-3,10
1519,광진구,3541,커먼그라운드,서울특별시 광진구 자양동 8-6 구두수선대 - 22,17
1520,광진구,3542,래미안 구의파크 스위트,서울특별시 광진구 구의동 229-23,17
